ID,HasRevenue
0,0.00094026147
1,0.024865014
2,0.001011631
3,0.23080018
4,0.0012359687
5,0.0003484285
6,0.030311733
7,0.002058861
8,0.0016786682
9,0.9005836
10,0.0014543134
11,0.023355234
12,0.0059601986
13,0.0053470484
14,0.0014991752
15,0.0025866625
16,0.056370333
17,0.0023370965
18,0.024538891
19,0.0017051054
20,0.53384125
21,0.002851635
22,0.024751779
23,0.9333873
24,0.0018050693
25,0.001206434
26,0.0012431412
27,0.018648928
28,0.004067369
29,0.06587863
30,0.028061725
31,0.08503977
32,0.5247115
33,0.0012468565
34,0.0046449825
35,0.026982566
36,0.0005102715
37,0.0017486438
38,0.034257274
39,0.0046449825
40,0.004269171
41,0.07380639
42,0.04990967
43,0.73913586
44,0.0009967098
45,0.039922144
46,0.08966172
47,0.0023343752
48,0.002823182
49,0.17785579
50,0.00079110026
51,0.0006412541
52,0.0022011884
53,0.0048477785
54,0.04056985
55,0.009517103
56,0.0011888297
57,0.00063619815
58,0.0008255981
59,0.00062053587
60,0.0016723814
61,0.036168
62,0.24420558
63,0.0014578681
64,0.036087528
65,0.00913288
66,0.552713
67,0.05037344
68,0.7862285
69,0.94475955
70,0.018388717
71,0.13058525
72,0.16181539
73,0.0009804543
74,0.00043677364
75,0.04485873
76,0.015603126
77,0.029169695
78,0.06694447
79,0.0033027406
80,0.001768164
81,0.15124474
82,0.64447826
83,0.13807659
84,0.98288697
85,0.0011647698
86,0.0023012278
87,0.8866943
88,0.06859796
89,0.026381116
90,0.09458602
91,0.13537565
92,0.5864479
93,0.0022111563
94,0.6521927
95,0.29889834
96,0.034745373
97,0.0002759413
98,0.00082700467
99,0.0010842485
100,0.53656983
101,0.001543018
102,0.21190862
103,0.003745086
104,0.0012829169
105,0.05593084
106,0.86640227
107,0.00018489928
108,0.98553526
109,0.035879765
110,0.04765546
111,0.00061231735
112,0.00092905824
113,0.85203373
114,0.02853637
115,0.016566519
116,0.84694004
117,0.0009809803
118,0.00061853736
119,0.008544974
120,0.10609997
121,0.062398583
122,0.10449749
123,0.072889246
124,0.21702878
125,0.0017495821
126,0.00025245905
127,0.00018322449
128,0.73841155
129,0.05807398
130,0.0236736
131,0.23673874
132,0.045237713
133,0.05563561
134,0.0007193928
135,0.012960123
136,0.11834619
137,0.0022662824
138,0.90816575
139,0.33258584
140,0.3261264
141,0.0036938812
142,0.00314442
143,0.05688458
144,0.09361972
145,0.09175691
146,0.00030816146
147,0.03689838
148,0.1381258
149,0.02628575
150,0.118198365
151,0.0006554692
152,0.45427826
153,0.40257096
154,0.0002506373
155,0.013669828
156,0.055765014
157,0.014486339
158,0.043021828
159,0.0020764591
160,0.19282605
161,0.01598698
162,0.00024042248
163,0.0025105642
164,0.23106489
165,0.0053279935
166,0.022104
167,0.0023666238
168,0.024853583
169,0.000117127456
170,0.046069577
171,0.00024042248
172,0.022377895
173,0.047644332
174,0.013919582
175,0.0011672988
176,0.0021109371
177,0.4443761
178,0.114053234
179,0.0032921375
180,0.53595555
181,0.028569112
182,0.0015500638
183,0.05132895
184,0.06308859
185,0.31734347
186,0.019459117
187,0.0012144644
188,0.052748688
189,0.020250112
190,0.0010891374
191,0.0014916166
192,0.00022950253
193,0.22569382
194,0.00055087695
195,0.10177475
196,0.00014949175
197,0.006182718
198,0.14291766
199,0.00024042248
200,0.0028579987
201,0.00056082837
202,0.0008390861
203,0.001524962
204,0.044924494
205,0.01640568
206,0.028480299
207,0.06807156
208,0.8749683
209,0.00555979
210,0.0023783443
211,0.0005083089
212,0.002579391
213,0.039540716
214,0.33742785
215,0.00031582298
216,0.001921122
217,0.00038217808
218,0.00032848277
219,0.024000278
220,0.0024202932
221,0.037076827
222,0.0036435004
223,0.064048134
224,0.004993755
225,0.3607613
226,0.011924996
227,0.071506895
228,0.0013096724
229,0.0011976092
230,0.020509904
231,0.026984595
232,0.27356446
233,0.052137945
234,0.06678615
235,0.085029945
236,0.03595469
237,0.020097103
238,0.030878572
239,0.16933423
240,0.031789053
241,0.000506016
242,0.4182439
243,0.033547483
244,0.0014718651
245,0.12733446
246,0.2157139
247,0.0050611435
248,0.15817405
249,0.05888441
250,0.00068659167
251,0.06458405
252,0.0025158608
253,0.1552946
254,0.9589964
255,0.95119494
256,0.65840596
257,0.018331835
258,0.6573321
259,0.0842323
260,0.0011211562
261,0.023316361
262,0.40692517
263,0.005922307
264,0.005833658
265,0.17660739
266,0.020845614
267,0.002067789
268,0.0028832008
269,0.118014015
270,0.24693169
271,0.2758056
272,0.40218458
273,0.41420323
274,0.01341343
275,0.045644283
276,0.0623061
277,0.81517184
278,0.97156906
279,0.002815997
280,0.028505297
281,0.0025835827
282,0.14739461
283,0.038307365
284,0.008200392
285,0.47031564
286,0.0045106406
287,0.030214678
288,0.31135246
289,0.024727024
290,0.01149374
291,0.24216418
292,0.00078865775
293,0.034967232
294,0.00093407615
295,0.14267555
296,0.001973115
297,0.3306288
298,0.82433146
299,0.02229278
300,0.20181851
301,0.00038476865
302,0.019252257
303,0.013218517
304,0.004960918
305,0.077263124
306,0.0006871478
307,0.15253013
308,0.03259747
309,0.02699603
310,0.8968244
311,0.00036867874
312,0.0003126197
313,0.089699045
314,0.07986875
315,0.00087061507
316,0.0010625432
317,0.75554013
318,0.09805294
319,0.6748603
320,0.050559923
321,0.5656536
322,0.08859234
323,0.011669151
324,0.00035429548
325,0.7318108
326,0.2444485
327,0.16487198
328,0.75474733
329,0.0023830135
330,0.05709555
331,0.08560553
332,0.02392656
333,0.000695589
334,0.0040138224
335,0.02114062
336,0.00211983
337,0.7536479
338,0.11683664
339,0.14447892
340,0.45147228
341,0.07244722
342,0.0316682
343,0.13723153
344,0.04373902
345,0.001987154
346,0.10005298
347,0.00018819034
348,0.115683936
349,0.9631693
350,0.0068475157
351,0.10477365
352,0.055997115
353,0.054458924
354,0.002366098
355,0.029588237
356,0.05551231
357,0.00037455562
358,0.17367283
359,0.005914881
360,0.008036399
361,0.52906805
362,0.0005836049
363,0.0032966435
364,0.055751454
365,0.04238426
366,0.037084695
367,0.0013390993
368,0.598205
369,0.16881076
370,0.5478254
371,0.01130364
372,0.00017237174
373,0.0024694472
374,0.0024873742
375,0.0047062077
376,0.004159887
377,0.17226568
378,0.05174199
379,0.0004273739
380,0.005411705
381,0.04414037
382,0.04258989
383,0.0013569108
384,0.002373448
385,0.0011141086
386,0.0006084878
387,0.00015458152
388,0.052558012
389,0.04081055
390,0.0133118685
391,0.79761916
392,0.25914922
393,0.020571427
394,0.00171548
395,0.09514916
396,0.5626397
397,0.036192447
398,0.06587533
399,0.09345329
400,0.022804154
401,0.0017706156
402,0.00018892098
403,0.46534312
404,0.015055804
405,0.2797352
406,0.040200163
407,0.05672177
408,0.0010553584
409,0.013319631
410,0.26126006
411,0.0011079621
412,0.011655137
413,0.00017617056
414,0.034248512
415,0.03013166
416,0.05747666
417,0.00037406816
418,0.06594217
419,0.079243265
420,0.0006815094
421,0.90102744
422,0.0007106084
423,0.43325657
424,0.0008755115
425,0.03006857
426,0.0004110066
427,0.00038615192
428,0.33968613
429,0.20590925
430,0.00062481296
431,0.0016895295
432,0.9505094
433,0.0024982186
434,0.0005180696
435,0.04101812
436,0.0336665
437,0.009746104
438,0.0006050893
439,0.0079350695
440,0.027863313
441,0.0643202
442,0.044674937
443,0.017936109
444,0.0007355956
445,0.048718557
446,0.017803865
447,0.115473084
448,0.017210027
449,0.0012946356
450,0.043473482
451,0.00049539877
452,0.048912637
453,0.09488363
454,0.002348765
455,0.436163
456,0.020611366
457,0.067667075
458,0.32761544
459,0.000538149
460,0.028636342
461,0.02304018
462,0.05860806
463,0.00055496476
464,0.0029615148
465,0.0091390265
466,0.12568626
467,0.0020708996
468,0.0004482218
469,0.001427438
470,0.016338695
471,0.0008457223
472,0.0055254037
473,0.010840955
474,0.000627793
475,0.00068620284
476,0.036610305
477,0.0021863761
478,0.69872516
479,0.012857955
480,0.21535452
481,0.76017016
482,0.6937818
483,0.00020184652
484,0.021660278
485,0.01853464
486,0.0005977828
487,0.0010204425
488,0.10855976
489,0.8282704
490,0.2844485
491,0.041098792
492,0.005703078
493,0.10171154
494,0.021032711
495,0.58068055
496,0.006675726
497,0.0036036219
498,0.00531874
499,0.07613974
500,0.04412658
501,0.005219611
502,0.10753441
503,0.100866534
504,0.4771599
505,0.073539555
506,0.0002460219
507,0.0007948077
508,0.0026530202
509,0.0012139907
510,0.03134626
511,0.09083491
512,0.1170293
513,0.002241558
514,0.0618701
515,0.8330892
516,0.00011728605
517,0.0049157604
518,0.0010229917
519,0.0019666522
520,0.00036554245
521,0.004829174
522,0.24342278
523,0.07844539
524,0.052889295
525,0.0012450792
526,0.058839466
527,0.8474097
528,0.014641458
529,0.00045016533
530,0.0017405321
531,0.004048585
532,0.094210654
533,0.0008128684
534,0.0017103569
535,0.0053354437
536,0.8703779
537,0.016419936
538,0.0028728764
539,0.6832694
540,0.34706062
541,0.0002607094
542,0.059278276
543,0.0032168666
544,0.011650563
545,0.001352146
546,0.003532588
547,0.0015367066
548,0.005105175
549,0.0001225849
550,0.042044945
551,0.008229475
552,0.013313116
553,0.0022018137
554,0.13674128
555,0.03295826
556,0.0015364989
557,0.3553609
558,0.07238295
559,0.00022284855
560,0.055525154
561,0.0073163686
562,0.00072423223
563,0.0039585326
564,0.038233485
565,0.0017191996
566,0.00048039499
567,0.9436417
568,0.9665417
569,0.7816563
570,0.0010423344
571,0.32478654
572,0.06342522
573,0.0060698395
574,0.020108853
575,0.9364949
576,0.2845452
577,0.004900769
578,0.05024909
579,0.70393103
580,0.0019415627
581,0.17381686
582,0.0070659895
583,0.0043011378
584,0.05237126
585,0.103597924
586,0.19764012
587,0.6034537
588,0.3946263
589,0.079479754
590,0.005107142
591,0.59827536
592,0.006681493
593,0.5790227
594,0.003346552
595,0.949087
596,0.02291329
597,0.19884513
598,0.066153854
599,0.019042427
600,0.0021623857
601,0.007527565
602,0.0051124482
603,0.033975918
604,0.011727997
605,0.1835504
606,0.0015693511
607,0.00090126944
608,0.0024689857
609,0.0020717296
610,0.055710856
611,0.044199627
612,0.03484482
613,0.04441454
614,0.0028318618
615,0.99300367
616,0.0027967761
617,0.0017222556
618,0.31947955
619,0.0027286678
620,0.00033367364
621,0.58557177
622,0.0004676371
623,0.027481172
624,0.019565897
625,0.022012316
626,0.6347609
627,0.180152
628,0.0003647046
629,0.87938786
630,0.98026145
631,0.0008939923
632,0.0029662212
633,0.030193936
634,0.006080208
635,0.02478163
636,0.0015945786
637,0.0018509536
638,0.0015973838
639,0.023936069
640,0.0020672085
641,0.115976036
642,0.33672073
643,0.0008607797
644,0.0011590122
645,0.11775134
646,0.0012476727
647,0.15673764
648,0.9263768
649,0.0054995795
650,0.16256008
651,0.06591438
652,0.6089082
653,0.0075855074
654,0.34479266
655,0.024563951
656,0.62784696
657,0.00018531884
658,0.10924063
659,0.0055440115
660,0.0038453012
661,0.059607483
662,0.0043292693
663,0.20898007
664,0.0036248718
665,0.137887
666,0.061576303
667,0.059736945
668,0.05808824
669,0.32348847
670,0.06773372
671,0.076894626
672,0.037823137
673,0.0011771662
674,0.5198811
675,0.026796626
676,0.012203073
677,0.04342157
678,0.7824403
679,0.07654511
680,0.0024681003
681,0.042713724
682,0.00023477022
683,0.7626717
684,0.0010164067
685,0.7051415
686,0.030063475
687,0.028287742
688,0.03260788
689,0.9317135
690,0.0016563705
691,0.9923006
692,0.056097757
693,0.16257086
694,0.004250591
695,0.18613794
696,0.032512173
697,0.73308593
698,0.1989922
699,0.0015245454
700,0.40929538
701,0.14652237
702,0.007951524
703,0.73585266
704,0.15674354
705,0.0019358458
706,0.030734394
707,0.0054770405
708,0.033911645
709,0.0031472503
710,0.58655214
711,0.041090954
712,0.18867977
713,0.13618809
714,0.107322
715,0.11515686
716,0.5612298
717,0.015222329
718,0.118722044
719,0.008944682
720,0.0017881555
721,0.10301981
722,0.0006331061
723,0.03360243
724,0.014557336
725,0.096343584
726,0.04769503
727,0.0012311924
728,0.0008199345
729,0.6270825
730,0.14392541
731,0.0038226238
732,0.20248544
733,0.9537528
734,0.17836905
735,0.00065184385
736,0.002485579
737,0.0918626
738,0.0041742167
739,0.0012880107
740,0.00019693436
741,0.14037225
742,0.029661704
743,0.0007192728
744,0.046595436
745,0.0014002923
746,0.04247679
747,0.052448317
748,0.000628456
749,0.006390885
750,0.022794068
751,0.0026042352
752,0.0011375865
753,0.85576856
754,0.9133012
755,0.057035867
756,0.021372782
757,0.8552471
758,0.01679814
759,0.7475007
760,0.16405816
761,0.0026918382
762,0.10277683
763,0.094809815
764,0.037058115
765,0.0017913372
766,0.010666133
767,0.00026215857
768,0.0011656964
769,0.35946268
770,0.0009688723
771,0.6550329
772,0.037604634
773,0.00043046824
774,0.07760569
775,0.0018365416
776,0.7179626
777,0.22760591
778,0.6020109
779,0.0026374476
780,0.96289605
781,0.09472273
782,0.0037791023
783,0.013621278
784,0.12159226
785,0.0015368572
786,0.018606024
787,0.7977024
788,0.00047404878
789,0.20112815
790,0.44864124
791,0.30777448
792,0.00037703037
793,0.08259914
794,0.025862806
795,0.0035597677
796,0.92587
797,0.93175334
798,0.0025818422
799,0.5173076
800,0.38376334
801,0.13668329
802,0.032260414
803,0.003318494
804,0.0031650537
805,0.0024925892
806,0.11575638
807,0.0147037655
808,0.07384295
809,0.11118866
810,0.22811635
811,0.0015127748
812,0.137707
813,0.68271023
814,0.09742559
815,0.0027846117
816,0.16382818
817,0.050207064
818,0.0009355289
819,0.0017933138
820,0.042331897
821,0.0009806294
822,0.13808957
823,0.004753916
824,0.016509114
825,0.6772866
826,0.0023294264
827,0.88332915
828,0.0019150067
829,0.00407116
830,0.02853368
831,0.0031662274
832,0.6133971
833,0.032735676
834,0.1396067
835,0.14267677
836,0.0008897015
837,0.0032618246
838,0.007473514
839,0.22540273
840,0.009284408
841,0.04579867
842,0.8213026
843,0.0393669
844,0.9653269
845,0.06054626
846,0.001715623
847,0.00035769964
848,0.49323595
849,0.059304122
850,0.048567023
851,0.015998289
852,0.028923577
853,0.04631426
854,0.00048451693
855,0.8341432
856,0.9433706
857,0.0041397847
858,0.00016325597
859,0.011398935
860,0.0003681233
861,0.49736312
862,0.015235931
863,0.004813952
864,0.00260996
865,0.50762445
866,0.06427307
867,0.0018893939
868,0.17811961
869,0.08161567
870,0.30768472
871,0.037107613
872,0.0012520745
873,0.21535505
874,0.42117617
875,0.009028907
876,0.01787595
877,0.06325383
878,0.13180047
879,0.022315318
880,0.081771955
881,0.06773392
882,0.113044694
883,0.00451223
884,0.007384145
885,0.94207025
886,0.069081105
887,0.9481965
888,0.17815554
889,0.00048330257
890,0.56505525
891,0.043724842
892,0.032616235
893,0.04475603
894,0.15373085
895,0.36486712
896,0.0538972
897,0.09582489
898,0.0005561992
899,0.5713834
900,0.014746595
901,0.92851907
902,0.002094247
903,0.003447365
904,0.0118847685
905,0.08187365
906,0.0025054715
907,0.45374563
908,0.08322541
909,0.7313613
910,0.0053578783
911,0.00180231
912,0.0007164955
913,0.00077845016
914,0.004677154
915,0.038798977
916,0.28098646
917,0.013917389
918,0.14358924
919,0.13621844
920,0.03376575
921,0.0013129557
922,0.0012926894
923,0.004917552
924,0.0010374221
925,0.4071227
926,0.98917377
927,0.10737371
928,0.004153066
929,0.053224668
930,0.006725403
931,0.0058757598
932,0.0008675175
933,0.47112438
934,0.5779875
935,0.011671033
936,0.05348224
937,0.027596591
938,0.002356215
939,0.036164608
940,0.27753392
941,0.0041900896
942,0.020233577
943,0.36303496
944,0.0020754081
945,0.0023859334
946,0.9148311
947,0.084406234
948,0.07854849
949,0.0004988387
950,0.2710622
951,0.007079539
952,0.0029357472
953,0.0050788033
954,0.0003508337
955,0.041517626
956,0.0036073665
957,0.0006110292
958,0.32295173
959,0.018288644
960,0.0008225454
961,0.004332537
962,0.037864447
963,0.05524077
964,0.0027014292
965,0.00038968187
966,0.0019733638
967,0.0031939356
968,0.004648116
969,0.87275827
970,0.0028389152
971,0.010931892
972,0.19197471
973,0.0011964896
974,0.06323774
975,0.005610608
976,0.1633794
977,0.08608669
978,0.009661722
979,0.0008002052
980,0.0022546612
981,0.0025755626
982,0.97909355
983,0.044228643
984,0.0012436861
985,0.38353333
986,0.8088435
987,0.07423938
988,0.006809618
989,0.0023883055
990,0.0008266561
991,0.6524946
992,0.0031866783
993,0.025142502
994,0.016225835
995,0.027115298
996,0.11874903
997,0.020917462
998,0.08572405
999,0.37737823
1000,0.0028036253
1001,0.24902937
1002,0.018346708
1003,0.7473278
1004,0.0035310774
1005,0.204034
1006,0.00038191598
1007,0.0040162914
1008,0.00029564832
1009,0.031292476
1010,0.65211093
1011,0.0036415344
1012,0.0037046492
1013,0.00066522474
1014,0.115519546
1015,0.06061448
1016,0.054381233
1017,0.012849061
1018,0.46419576
1019,0.0027596306
1020,0.0008801625
1021,0.06285809
1022,0.0021632873
1023,0.0022459114
1024,0.0023946646
1025,0.15780157
1026,0.00092946726
1027,0.0027115105
1028,0.18790144
1029,0.08326935
1030,0.091489054
1031,0.05222674
1032,0.036462963
1033,0.86932623
1034,0.028510064
1035,0.0034670641
1036,0.0011317047
1037,0.00042027602
1038,0.9479055
1039,0.05851443
1040,0.04239495
1041,0.0023602783
1042,0.073032826
1043,0.002994161
1044,0.002951584
1045,0.00057065283
1046,0.005176655
1047,0.031943012
1048,0.89260745
1049,0.0070499224
1050,0.23227608
1051,0.008114179
1052,0.94820154
1053,0.0065801986
1054,0.0011289067
1055,0.30585405
1056,0.4888693
1057,0.004795256
1058,0.09262221
1059,0.0037344408
1060,0.002339457
1061,0.9434311
1062,0.26678517
1063,0.03611882
1064,0.33408892
1065,0.024092661
1066,0.0022714292
1067,0.0049163345
1068,0.0025500583
1069,0.0031112302
1070,0.06786418
1071,0.2687044
1072,0.0018034849
1073,0.00041168637
1074,0.038332764
1075,0.00086914044
1076,0.44231582
1077,0.0065894597
1078,0.07556184
1079,0.06039384
1080,0.0011657682
1081,0.62208664
1082,0.017563269
1083,0.054822396
1084,0.029384727
1085,0.0020821968
1086,0.0001837816
1087,0.039302442
1088,0.01607413
1089,0.17801212
1090,0.0021709527
1091,0.0007464418
1092,0.0001837816
1093,0.0012652454
1094,0.37210384
1095,0.0013993018
1096,0.0061940905
1097,0.08721063
1098,0.014045332
1099,0.024694717
1100,0.056773353
1101,0.118439056
1102,0.1881301
1103,0.040921245
1104,0.9267645
1105,0.020213816
1106,0.054601673
1107,0.0034228584
1108,0.012987724
1109,0.0016230405
1110,0.0012159732
1111,0.044695597
1112,0.06073807
1113,0.0020283638
1114,0.0006492547
1115,0.15874441
1116,0.06240154
1117,0.031920686
1118,0.009660833
1119,0.013635879
1120,0.05124705
1121,0.00054455857
1122,0.0004758795
1123,0.21755749
1124,0.11004389
1125,0.31462815
1126,0.006779229
1127,0.00243056
1128,0.43645307
1129,0.024000162
1130,0.060736965
1131,0.023307962
1132,0.013295451
1133,0.012242596
1134,0.02598121
1135,0.5549855
1136,0.07216239
1137,0.006827168
1138,0.020469071
1139,0.083085194
1140,0.016185634
1141,0.004398384
1142,0.00077008584
1143,0.7253189
1144,0.22887576
1145,0.39178088
1146,0.012029598
1147,0.27559897
1148,0.021328012
1149,0.8281759
1150,0.020289551
1151,0.007989642
1152,0.0033798262
1153,0.0006328826
1154,0.5848219
1155,0.04158352
1156,0.0020978486
1157,0.0015797137
1158,0.0007084011
1159,0.012070189
1160,0.00046957147
1161,0.016422916
1162,0.005621023
1163,0.14948602
1164,0.0010966564
1165,0.053942285
1166,0.0015677552
1167,0.00017802279
1168,0.02279921
1169,0.0010521499
1170,0.4427176
1171,0.23880863
1172,0.029870467
1173,0.012999275
1174,0.0032528343
1175,0.0017082047
1176,0.0011609055
1177,0.0006018411
1178,0.00089809246
1179,0.05467772
1180,0.004799975
1181,0.00078735535
1182,0.039051317
1183,0.014694228
1184,0.015487266
1185,0.0014843338
1186,0.0018266601
1187,0.06852949
1188,0.0013767857
1189,0.0009672108
1190,0.0009114758
1191,0.011450992
1192,0.15419748
1193,7.943965e-05
1194,0.00024562416
1195,0.11436503
1196,0.025692135
1197,0.0010374908
1198,0.0021959227
1199,0.35298523
1200,0.0107284095
1201,0.042951927
1202,0.0005945315
1203,0.6848187
1204,0.017563475
1205,0.0014830098
1206,0.0007023836
1207,6.527507e-05
1208,0.03841004
1209,0.118110135
1210,0.48093155
1211,0.48083252
1212,0.00823433
1213,0.016558658
1214,0.7297902
1215,0.3134344
1216,0.023506701
1217,0.13646556
1218,0.028933764
1219,0.00069983554
1220,0.0020863554
1221,0.00078691274
1222,0.34135494
1223,0.0007431361
1224,0.0018670585
1225,0.00051413703
1226,0.23690845
1227,0.00069266575
1228,0.66609794
1229,0.15325484
1230,9.0818154e-05
1231,0.13710088
1232,0.37467682
1233,0.3991776
1234,0.0065650824
1235,0.0026302787
1236,0.024594715
1237,0.00011117681
1238,0.00054338656
1239,0.114513844
1240,0.0013296644
1241,0.013132927
1242,0.00039225057
1243,0.91342777
1244,0.06685098
1245,0.6647211
1246,0.06939068
1247,0.018646248
1248,0.0014477271
1249,0.478849
1250,0.06192399
1251,0.0014479499
1252,0.60008335
1253,0.0033673116
1254,0.036573887
1255,0.001109167
1256,0.06289846
1257,0.003198265
1258,0.0016061945
1259,0.0010433975
1260,0.002528487
1261,0.016912915
1262,0.012492552
1263,0.002563803
1264,0.06236001
1265,0.4387916
1266,0.008003607
1267,0.0012567185
1268,0.014766859
1269,0.008244851
1270,0.050508056
1271,0.013516906
1272,0.0010844278
1273,0.47146854
1274,0.013160928
1275,0.028552277
1276,0.005818183
1277,0.48445368
1278,0.18098375
1279,0.65414774
1280,0.0006673628
1281,0.0362678
1282,0.0044498793
1283,0.7791764
1284,0.88978696
1285,0.35075074
1286,0.08215288
1287,0.007999164
1288,0.01648455
1289,0.002485294
1290,0.0007341096
1291,0.001727544
1292,0.00028869614
1293,0.0022444192
1294,0.061724793
1295,0.00074912445
1296,0.7118177
1297,0.05916563
1298,0.06823739
1299,0.04136226
1300,0.0012689395
1301,0.11588355
1302,0.0021057434
1303,0.19264789
1304,0.0022243105
1305,0.00087026163
1306,0.38417855
1307,0.8203771
1308,0.0020835577
1309,0.0033155899
1310,0.054108486
1311,0.015167388
1312,0.0011265804
1313,0.75670195
1314,0.0006529839
1315,0.50179046
1316,0.017659884
1317,0.0029301585
1318,0.00079599617
1319,0.011223258
1320,0.07209822
1321,0.0028119832
1322,0.5583655
1323,0.0021396657
1324,0.08248366
1325,0.0075686863
1326,0.9894796
1327,0.008099256
1328,0.12735203
1329,0.003035296
1330,0.0061022774
1331,0.0006588023
1332,0.006184757
1333,0.0019175604
1334,0.0046442635
1335,0.84027094
1336,0.0009618235
1337,0.016672662
1338,0.06265746
1339,0.0021249754
1340,0.002473497
1341,0.4446195
1342,0.013279685
1343,0.027756399
1344,0.8978741
1345,0.2495195
1346,0.19157359
1347,0.031626858
1348,0.28302422
1349,0.035858598
1350,0.87859637
1351,0.0007474778
1352,0.011469148
1353,0.0022712995
1354,0.00052859884
1355,0.059250955
1356,0.0012805711
1357,0.27461544
1358,0.7583668
1359,0.0197776
1360,0.00084847724
1361,0.0025882833
1362,0.026776303
1363,0.07368856
1364,0.031676073
1365,0.0021756887
1366,0.0030954094
1367,0.9776248
1368,0.3239895
1369,0.0009678755
1370,0.23820001
1371,0.0003435213
1372,0.00078623137
1373,0.07356071
1374,0.006187748
1375,0.7324331
1376,0.00016857783
1377,0.029661302
1378,0.11302426
1379,0.04891953
1380,0.02953897
1381,0.0010432036
1382,0.002035097
1383,0.9657946
1384,0.70489734
1385,0.18062344
1386,0.41924006
1387,0.0022792968
1388,0.049899206
1389,0.017986981
1390,0.060514696
1391,0.03497793
1392,0.0032369816
1393,0.0013830186
1394,0.0040856884
1395,0.05831132
1396,0.0042011426
1397,0.05170988
1398,0.9563516
1399,0.2617955
1400,0.008237648
1401,0.65364885
1402,0.040965304
1403,0.122532055
1404,0.004404297
1405,0.004328398
1406,0.009866514
1407,0.9249386
1408,0.45719686
1409,0.0016448378
1410,0.005939315
1411,0.0005804684
1412,0.03824081
1413,0.002113839
1414,0.095905244
1415,0.04781427
1416,0.0019186313
1417,0.0011038892
1418,0.58078116
1419,0.004203956
1420,0.58086985
1421,0.00039341146
1422,0.53619933
1423,0.045424882
1424,0.025581533
1425,0.038657617
1426,0.003889116
1427,0.06951272
1428,0.0032474867
1429,0.8944108
1430,0.039522655
1431,0.0010799381
1432,0.14818263
1433,0.67839473
1434,0.0031185155
1435,0.9840514
1436,0.0935801
1437,0.069220826
1438,0.0023714404
1439,0.0010760537
1440,0.657869
1441,0.00081673614
1442,0.93725336
1443,0.0008742489
1444,0.2684498
1445,0.0012068673
1446,0.10343486
1447,0.01023817
1448,0.0047114016
1449,0.003051603
1450,0.0011791385
1451,0.0035200366
1452,0.34909883
1453,0.0010888771
1454,0.19514492
1455,0.19123806
1456,0.0008823701
1457,0.0012917478
1458,0.012717846
1459,0.0033293795
1460,0.7942297
1461,0.11619926
1462,0.0048156586
1463,0.06620819
1464,0.00031737078
1465,0.0008311598
1466,0.0014426392
1467,0.00016569984
1468,0.26056066
1469,0.0021608996
1470,0.17721583
1471,0.07824425
1472,0.15487988
1473,0.2860139
1474,0.16750185
1475,0.79837745
1476,0.0016581655
1477,0.03476325
1478,0.043887727
1479,0.0065017035
1480,0.04982057
1481,0.63332766
1482,0.6896688
1483,0.0006147452
1484,0.05843885
1485,0.0829463
1486,0.025939925
1487,0.0013510841
1488,0.07361461
1489,0.005272291
1490,0.0141027225
1491,0.022437204
1492,0.0005575489
1493,0.20373857
1494,0.0013635448
1495,0.28341419
1496,0.14007284
1497,0.18334597
1498,0.039876696
1499,0.23955394
1500,0.4420504
1501,0.973698
1502,0.0953238
1503,0.0038100283
1504,0.51514417
1505,0.50708836
1506,0.58936346
1507,0.0020770126
1508,0.00022262767
1509,0.0370853
1510,0.012737674
1511,0.02991504
1512,0.17995004
1513,0.039545245
1514,0.047320604
1515,0.0009912354
1516,0.00074598804
1517,0.031195803
1518,0.20279188
1519,0.004216435
1520,0.0010893969
1521,0.012204447
1522,0.37012684
1523,0.8267742
1524,0.07814589
1525,0.00083080307
1526,0.0813877
1527,0.62974125
1528,0.0036252611
1529,0.002292099
1530,0.033372916
1531,0.006940324
1532,0.06695271
1533,0.08146241
1534,0.09537145
1535,0.70906085
1536,0.0006642393
1537,0.13422045
1538,0.000667221
1539,0.012702666
1540,0.5990965
1541,0.026332546
1542,0.8660072
1543,0.9700832
1544,0.119098544
1545,0.42086658
1546,0.22645217
1547,0.00041179016
1548,0.04572509
1549,0.070503935
1550,0.15032205
1551,0.5462714
1552,0.5387319
1553,0.3075304
1554,0.23893058
1555,0.39384365
1556,0.034063905
1557,0.029454991
1558,0.23733853
1559,0.00045494325
1560,0.19694018
1561,0.00048469196
1562,0.97932535
1563,0.009067583
1564,0.0058500604
1565,0.00092560536
1566,0.0012738609
1567,0.012405826
1568,0.02483653
1569,0.15149759
1570,0.0073679006
1571,0.14846866
1572,0.24574593
1573,0.11911827
1574,0.00041225032
1575,0.13392164
1576,0.7771452
1577,0.0012674556
1578,0.16953905
1579,0.9332833
1580,0.9783336
1581,0.0020905244
1582,0.3952764
1583,0.030972745
1584,0.007825509
1585,0.0118981805
1586,0.0025077905
1587,0.0442999
1588,0.0039055024
1589,0.0029806502
1590,0.00027628196
1591,0.06936008
1592,0.028882073
1593,0.0031256909
1594,0.0027355328
1595,0.8867115
1596,0.91253525
1597,0.14501657
1598,0.14465693
1599,0.22902125
1600,0.30547407
1601,0.049348067
1602,0.055502914
1603,0.0038288424
1604,0.8510188
1605,0.002875313
1606,0.013302746
1607,0.2938432
1608,0.003925513
1609,0.09846883
1610,0.7354161
1611,0.00041252255
1612,0.060804054
1613,0.109162934
1614,0.044755902
1615,0.6529189
1616,0.0018315868
1617,0.0015446912
1618,0.6218735
1619,0.044307817
1620,0.0056945593
1621,0.051852595
1622,0.951317
1623,0.00037813743
1624,0.0012676421
1625,0.15463656
1626,0.3490175
1627,0.63493675
1628,0.0039520143
1629,0.024240669
1630,0.0027068711
1631,0.00041433846
1632,0.03195345
1633,0.2421386
1634,0.717731
1635,0.08128586
1636,0.0465348
1637,0.49379057
1638,0.9387459
1639,0.48199677
1640,0.047340453
1641,0.0047963075
1642,0.0026388604
1643,0.0004279681
1644,0.08137485
1645,0.039159324
1646,0.102591544
1647,0.88685584
1648,0.0036276095
1649,0.05394177
1650,0.07862765
1651,0.00034886558
1652,0.0019020169
1653,0.03798618
1654,0.33930856
1655,0.0010451848
1656,0.107321136
1657,0.0046962746
1658,0.634793
1659,0.0003801878
1660,0.038163964
1661,0.00026253075
1662,0.0022229922
1663,0.003026396
1664,0.00045830218
1665,0.056834232
1666,0.0036109418
1667,0.69121903
1668,0.31248653
1669,0.0074335714
1670,0.9211412
1671,0.003163989
1672,0.002036018
1673,0.15264715
1674,0.29937232
1675,0.0016651121
1676,0.03012144
1677,0.077947944
1678,0.0040014754
1679,0.001446748
1680,0.03643026
1681,0.03516987
1682,0.5907667
1683,0.049210858
1684,0.0011566415
1685,0.005244819
1686,0.0025422848
1687,0.00019840428
1688,0.8031547
1689,0.03472979
1690,0.010650139
1691,0.2749446
1692,0.0007556688
1693,0.0015634402
1694,0.0010241591
1695,0.0010900259
1696,0.09699624
1697,0.062553875
1698,0.019841844
1699,0.027521892
1700,0.0024432181
1701,0.06501772
1702,0.6461094
1703,0.0013268857
1704,0.9686284
1705,0.15523276
1706,0.025517292
1707,0.07046285
1708,0.0033806888
1709,0.07921342
1710,0.0027785434
1711,0.062645376
1712,0.00047465405
1713,0.016537178
1714,0.021944607
1715,0.058959756
1716,0.0015091052
1717,0.08445655
1718,0.00319121
1719,0.089472994
1720,0.082154386
1721,0.15903522
1722,0.002107332
1723,0.10818898
1724,0.005107636
1725,0.47528288
1726,0.24005781
1727,0.0005370401
1728,0.0058606556
1729,0.0010400282
1730,0.027536675
1731,0.0011130738
1732,0.00021740612
1733,0.27218944
1734,0.17777972
1735,0.46539813
1736,0.0061085075
1737,0.7042745
1738,0.90898293
1739,0.00082209957
1740,0.0005503244
1741,0.07198018
1742,0.84070253
1743,0.017369064
1744,0.054716513
1745,0.00086760387
1746,0.00069003226
1747,0.0013558018
1748,0.0025458506
1749,0.30447385
1750,0.06519319
1751,0.4528114
1752,0.5392329
1753,0.00045340028
1754,0.055310804
1755,0.0070681814
1756,0.076842465
1757,0.0027562117
1758,0.022187987
1759,0.26014987
1760,0.013049335
1761,0.25747266
1762,0.00093517284
1763,0.07917166
1764,0.21637143
1765,0.0034058236
1766,0.19027738
1767,0.026999755
1768,0.9308492
1769,0.40204597
1770,0.1822223
1771,0.011953459
1772,0.9463834
1773,0.22425413
1774,0.98140866
1775,0.02035499
1776,0.0014753627
1777,0.0010538368
1778,0.0025400852
1779,0.00307618
1780,0.44647846
1781,0.0553433
1782,0.0050207903
1783,0.0013827169
1784,0.0016049867
1785,0.0034278037
1786,0.00013793095
1787,0.011425467
1788,0.0023484197
1789,0.003174149
1790,0.035581876
1791,0.00035539863
1792,0.024160529
1793,0.114361376
1794,0.11459379
1795,0.0006692914
1796,0.00047428295
1797,0.0051852865
1798,0.017666668
1799,0.00860702
1800,0.0049850456
1801,0.0028774461
1802,0.0026769827
1803,0.1307437
1804,0.70616835
1805,0.8483241
1806,0.05246176
1807,0.003237189
1808,0.6898402
1809,0.84039074
1810,0.025960028
1811,0.38112867
1812,0.80283594
1813,0.08619774
1814,0.07527183
1815,0.13675152
1816,0.0048961183
1817,0.035796147
1818,0.9083113
1819,0.008409907
1820,0.0063222684
1821,0.0010382388
1822,0.0012736061
1823,0.15308547
1824,0.0039213407
1825,0.71767724
1826,0.00085286034
1827,0.0040275743
1828,0.086525254
1829,0.032136627
1830,0.0008824982
1831,0.08015886
1832,0.0019220804
1833,0.003016978
1834,0.3278624
1835,0.0006239355
1836,0.92953664
1837,0.083316155
1838,0.6264802
1839,0.0054814243
1840,0.017021215
1841,0.026803473
1842,0.0019512613
1843,0.0043970747
1844,0.72183233
1845,0.032677416
1846,0.9153729
1847,0.47302833
1848,0.004121717
1849,0.48495242
1850,0.008059113
1851,0.31824017
1852,0.117895275
1853,0.0021415183
1854,0.0006159137
1855,0.037386354
1856,0.32440835
1857,0.0033974065
1858,0.51057726
1859,0.14799938
1860,0.0036902206
1861,0.00090746966
1862,0.06318938
1863,0.0036622847
1864,0.0009637888
1865,0.024879113
1866,0.0020648923
1867,0.12532225
1868,0.118882634
1869,0.24359265
1870,0.008103026
1871,0.11915387
1872,0.002073866
1873,0.002370865
1874,0.06738002
1875,0.23167856
1876,0.0021398214
1877,0.6657463
1878,0.12419484
1879,0.01601654
1880,0.11561464
1881,0.11340859
1882,0.0011823565
1883,0.24407142
1884,0.0022996673
1885,0.11054381
1886,0.004303037
1887,0.0018592735
1888,0.007800989
1889,0.043706466
1890,0.947335
1891,0.0022500588
1892,0.7414819
1893,0.099140234
1894,0.2466609
1895,0.0031859966
1896,0.023850288
1897,0.029731594
1898,0.0004799195
1899,0.0014198315
1900,0.18944171
1901,0.0042000897
1902,0.0114386
1903,0.0040214164
1904,0.0019745193
1905,0.02850836
1906,0.11108962
1907,0.004065774
1908,0.019872298
1909,0.25244212
1910,0.0038082607
1911,0.05358294
1912,0.33940354
1913,0.5317469
1914,0.0034843876
1915,0.6920961
1916,0.0039342116
1917,0.15560736
1918,0.10442881
1919,0.0010444297
1920,0.0016719302
1921,0.18768224
1922,0.10768505
1923,0.0006700982
1924,0.002059069
1925,0.0003794938
1926,0.3220614
1927,0.70324767
1928,0.9721157
1929,0.13020897
1930,0.13374849
1931,0.9703368
1932,0.0017638046
1933,0.6063149
1934,0.0011553251
1935,0.00020136213
1936,0.7471704
1937,0.003931555
1938,0.0073438487
1939,0.09406612
1940,0.9401916
1941,0.43866017
1942,0.0018446014
1943,0.52551275
1944,0.0037218838
1945,0.00036726045
1946,0.0010905017
1947,0.5921466
1948,0.013557525
1949,0.062249906
1950,0.12923968
1951,0.07723639
1952,0.0065824925
1953,0.2693122
1954,0.8025875
1955,0.029393297
1956,0.004385748
1957,0.23348401
1958,0.00092808413
1959,0.06452054
1960,0.1265582
1961,0.00027585265
1962,0.0022519736
1963,0.269202
1964,0.018149853
1965,0.34648138
1966,0.03133982
1967,0.96597385
1968,0.0030465876
1969,0.00039748452
1970,0.17929469
1971,0.008157514
1972,0.0035029107
1973,0.0012525867
1974,0.00095038133
1975,0.0009336941
1976,0.05981815
1977,0.0012255926
1978,0.5430982
1979,0.1538383
1980,0.40316582
1981,0.015421055
1982,0.0030459561
1983,0.0010580684
1984,0.17595024
1985,0.053138405
1986,0.0007119739
1987,0.028487587
1988,0.00044609208
1989,0.9105456
1990,0.108529165
1991,0.0033079314
1992,0.072061636
1993,0.0010329176
1994,0.00555404
1995,0.0014426248
1996,0.0024246145
1997,0.0025204637
1998,0.04107115
1999,0.0050432626
2000,0.003955334
2001,0.0048901555
2002,0.07052189
2003,0.0045886138
2004,0.00024068487
2005,0.70012796
2006,0.03538574
2007,0.0034239322
2008,0.4735919
2009,0.544275
2010,0.051798593
2011,0.07202603
2012,0.108399846
2013,0.26414454
2014,0.07918831
2015,0.8739288
2016,0.0016167099
2017,0.010535426
2018,0.7899952
2019,0.007974091
2020,0.57904893
2021,0.007052964
2022,0.049963493
2023,0.25795114
2024,0.093647934
2025,0.5619194
2026,0.11838229
2027,0.73858696
2028,0.03804869
2029,0.31199008
2030,0.44757873
2031,0.06952641
2032,0.00017026045
2033,0.3918067
2034,0.0013661179
2035,0.02025505
2036,0.005134713
2037,0.15202649
2038,0.21065912
2039,0.005528693
2040,0.068493135
2041,0.005710516
2042,0.0018456156
2043,0.15482523
2044,0.0009264011
2045,0.00048619675
2046,0.0012647851
2047,0.89304125
2048,0.072652414
2049,0.80075544
2050,0.92000484
2051,0.14471923
2052,0.0012429536
2053,0.98848736
2054,0.95209986
2055,0.96785253
2056,0.0046818005
2057,0.021300662
2058,0.4720788
2059,0.004935252
2060,0.057237674
2061,0.12737651
2062,0.8143057
2063,0.0293038
2064,0.03052702
2065,0.10197488
2066,0.001783134
2067,0.0031780046
2068,0.050454754
2069,0.000456794
2070,0.06917054
2071,0.47147778
2072,0.069710724
2073,0.1002905
2074,0.44424933
2075,0.005619845
2076,0.0297685
2077,0.0011209148
2078,0.080345504
2079,0.5620777
2080,0.0015860022
2081,0.52122205
2082,0.4431734
2083,0.13090919
2084,0.0016089245
2085,0.0025725046
2086,0.0028322847
2087,0.22035214
2088,0.14193612
2089,0.005710868
2090,0.18785577
2091,0.90405256
2092,0.003968772
2093,0.043831307
2094,0.042663753
2095,0.002750332
2096,0.60005724
2097,0.2047443
2098,0.66037595
2099,0.00051762734
2100,0.0524341
2101,0.015073639
2102,0.6235188
2103,0.0030277558
2104,0.0016851622
2105,0.7180897
2106,0.0020896362
2107,0.5093152
2108,0.0026690492
2109,0.0016775898
2110,0.359291
2111,0.00071834866
2112,0.0077247885
2113,0.13095467
2114,0.0794086
2115,0.0006223352
2116,0.85088223
2117,0.079346135
2118,0.16928957
2119,0.0021228045
2120,0.044036563
2121,0.000837995
2122,0.0030283933
2123,0.7340347
2124,0.0030077554
2125,0.47824878
2126,0.028589705
2127,0.07879589
2128,0.0006117268
2129,0.0008733427
2130,0.0018015613
2131,0.0028519116
2132,0.6154576
2133,0.0012251122
2134,0.5647446
2135,0.0069046556
2136,0.0016485701
2137,0.56984174
2138,0.29269284
2139,0.001599628
2140,0.057255007
2141,0.49591285
2142,0.18599159
2143,0.11383141
2144,0.73936856
2145,0.0016102677
2146,0.2632316
2147,0.2255336
2148,0.03325443
2149,0.39227995
2150,0.0035814866
2151,0.007051839
2152,0.6460474
2153,0.0034257912
2154,0.0009890496
2155,0.6148722
2156,0.24523562
2157,0.0011412243
2158,0.1059397
2159,0.023160152
2160,0.0014193943
2161,0.00024161742
2162,0.00025991173
2163,0.010734205
2164,0.0043808827
2165,0.23205353
2166,0.0069342135
2167,0.13481559
2168,0.0006626857
2169,0.02472159
2170,0.030619556
2171,0.19823495
2172,0.11185126
2173,0.0017661554
2174,0.10248828
2175,0.00037896525
2176,0.039063998
2177,0.0016794987
2178,0.045115784
2179,0.038775746
2180,0.1623037
2181,0.004437739
2182,0.00069062144
2183,0.11544555
2184,0.016374093
2185,0.05923669
2186,0.022350116
2187,0.043924548
2188,0.0007452974
2189,0.006805053
2190,0.0017564578
2191,0.5142256
2192,0.075362235
2193,0.027482916
2194,0.00058143935
2195,0.00013657924
2196,0.0010289248
2197,0.0018738875
2198,0.35700366
2199,0.0015609182
2200,0.64093214
2201,0.16038729
2202,0.5923577
2203,0.0028119779
2204,0.004622876
2205,0.0011823605
2206,0.9687284
2207,0.08077644
2208,0.016495654
2209,0.0011307051
2210,0.00079328375
2211,0.03233485
2212,0.0024680875
2213,0.035475757
2214,0.0005343869
2215,0.0010599182
2216,0.00021344933
2217,0.015754543
2218,0.42761886
2219,0.03889528
2220,0.009235626
2221,0.03396474
2222,0.5562713
2223,0.00033140782
2224,0.059556525
2225,0.008640383
2226,0.0035803367
2227,0.80492216
2228,0.9622984
2229,0.044795983
2230,0.0019117403
2231,0.5602901
2232,0.028190421
2233,0.3273651
2234,0.0009613604
2235,0.00040297798
2236,0.0066274526
2237,0.0015609182
2238,0.0068156216
2239,0.0020709843
2240,0.65482223
2241,0.06753813
2242,0.13417192
2243,0.69667983
2244,0.09700195
2245,0.05314446
2246,0.0054723127
2247,0.16912192
2248,0.010423014
2249,0.5545662
2250,0.031857166
2251,0.039926235
2252,0.23236085
2253,0.041990932
2254,0.07033591
2255,0.25480902
2256,0.06532756
2257,0.0010855224
2258,0.0008115129
2259,0.00020144353
2260,0.00075609377
2261,0.039700195
2262,0.0030703943
2263,0.06163252
2264,0.060203616
2265,0.0017782046
2266,0.07974675
2267,0.0005113744
2268,0.0020227376
2269,0.20416881
2270,0.9356684
2271,0.00047022876
2272,0.08280326
2273,0.5595453
2274,0.9420667
2275,0.0015609182
2276,0.0011254905
2277,0.0005986896
2278,0.03158861
2279,0.038560294
2280,0.05800952
2281,0.09511306
2282,0.00103922
2283,0.031656194
2284,0.06219231
2285,0.022605067
2286,0.12020011
2287,0.9457824
2288,0.12532316
2289,0.0071143187
2290,0.3000683
2291,0.00062176544
2292,0.0028397297
2293,0.0012208837
2294,0.030284239
2295,0.0018753819
2296,0.0003342633
2297,0.0010712608
2298,0.0017614294
2299,0.0017501869
2300,0.015276005
2301,0.07295437
2302,0.002306548
2303,0.5608892
2304,0.0018575612
2305,0.8846697
2306,0.04378234
2307,0.04097216
2308,0.6222126
2309,0.6835483
2310,0.05284756
2311,0.062183183
2312,0.035470422
2313,0.0056741843
2314,0.89554965
2315,0.20572786
2316,0.5077638
2317,0.0018297806
2318,0.58243173
2319,0.03240738
2320,0.9551522
2321,0.0010464102
2322,0.00081135397
2323,0.0021718713
2324,0.38559604
2325,0.4155349
2326,0.021781756
2327,0.0028900122
2328,0.0008696511
2329,0.19154632
2330,0.13889658
2331,0.29698247
2332,0.00045285645
2333,0.048774384
2334,0.06025655
2335,0.0015351409
2336,0.41432106
2337,0.03291304
2338,0.023680445
2339,0.03648868
2340,0.74500746
2341,0.023130989
2342,0.0032912816
2343,0.0019418224
2344,0.00071876677
2345,0.080890395
2346,0.72383726
2347,0.12635896
2348,0.023857554
2349,0.025598085
2350,0.63985026
2351,0.071817264
2352,0.0013180991
2353,0.036719102
2354,0.020536352
2355,0.00085452636
2356,0.0038259139
2357,0.4923182
2358,0.4203914
2359,0.014377044
2360,0.21972057
2361,0.00044340352
2362,0.39461836
2363,0.00445781
2364,0.3884246
2365,0.3604424
2366,0.09662939
2367,0.068776175
2368,0.0020020925
2369,0.0098035205
2370,0.9386247
2371,0.021547163
2372,0.7506385
2373,0.0014725736
2374,0.005733214
2375,0.010084778
2376,0.0015613463
2377,0.042435545
2378,0.19832335
2379,0.001922202
2380,0.045338884
2381,0.0010097438
2382,0.002105528
2383,0.09915731
2384,0.66277
2385,0.024917934
2386,0.0017821328
2387,0.040070727
2388,0.33301753
2389,0.028618827
2390,0.005019202
2391,0.00046498032
2392,0.00027876167
2393,0.6023942
2394,0.0018267272
2395,0.08717263
2396,0.0013265419
2397,0.00037033894
2398,0.4997126
2399,0.00034453935
2400,0.03678042
2401,0.0023738693
2402,0.00040922835
2403,0.7529494
2404,0.090771906
2405,0.21324106
2406,0.00022843001
2407,0.37797406
2408,0.073942184
2409,0.0059859254
2410,0.001131945
2411,0.0021525885
2412,0.012955812
2413,0.0059096855
2414,0.027279261
2415,0.00047636987
2416,0.27350387
2417,0.06697021
2418,0.019893656
2419,0.003208645
2420,0.00065608043
2421,0.36954007
2422,0.5291762
2423,0.6715101
2424,0.001368218
2425,0.008236628
2426,0.013490926
2427,0.013622732
2428,0.0018068617
2429,0.0017222909
2430,0.0015023592
2431,0.68288696
2432,0.29015645
2433,0.71817493
2434,0.035195403
2435,0.034419976
2436,0.93109107
2437,0.0694975
2438,0.09259823
2439,0.8588089
2440,0.024780499
2441,0.19557062
2442,0.0009778021
2443,0.6261851
2444,0.10732266
2445,0.8342294
2446,0.022643568
2447,0.0005416922
2448,0.0023893076
2449,0.0030886007
2450,0.69269484
2451,0.00024710537
2452,0.02397455
2453,0.0065248325
2454,0.13176146
2455,0.0028915806
2456,0.11193928
2457,0.0006505803
2458,0.047897346
2459,0.0035633468
2460,0.02829498
2461,0.082897134
2462,0.03090476
2463,0.0016267666
2464,0.0012240624
2465,0.0046185753
2466,0.090581864
2467,0.0034210938
2468,0.002608094
2469,0.001656342
2470,0.2509698
2471,0.42435658
2472,0.0247564
2473,0.88808864
2474,0.005305646
2475,0.0027867123
2476,0.01453549
2477,0.88256305
2478,0.003585442
2479,0.00035647603
2480,0.22199771
2481,0.012937956
2482,0.21701677
2483,0.92481965
2484,0.08081235
2485,0.05576397
2486,0.00075608544
2487,0.87090117
2488,0.0029131738
2489,0.2794183
2490,0.00037376425
2491,0.003947765
2492,0.7147319
2493,0.80306023
2494,0.13683859
2495,0.24654058
2496,0.5355068
2497,0.0019530281
2498,0.050466385
2499,0.07629448
2500,0.015956583
2501,0.15099676
2502,0.124417104
2503,0.142254
2504,0.0010926584
2505,0.27895615
2506,0.0005727311
2507,0.13924062
2508,0.08249845
2509,0.48277536
2510,0.002796525
2511,0.88386023
2512,0.083849706
2513,0.0637107
2514,0.0844018
2515,0.086216256
2516,0.0020904774
2517,0.98658967
2518,0.002854333
2519,0.0032015871
2520,0.078135625
2521,0.025704976
2522,0.009605568
2523,0.07522901
2524,0.09196411
2525,0.91044015
2526,0.19752228
2527,0.0026169715
2528,0.1505831
2529,0.09663712
2530,0.04132965
2531,0.0030079973
2532,0.09011021
2533,0.067384064
2534,0.0024928406
2535,0.99074054
2536,0.0010548277
2537,0.018025812
2538,0.0010728555
2539,0.011744334
2540,0.11953826
2541,0.0027623784
2542,0.0033800707
2543,0.0022334612
2544,0.0077568726
2545,0.082734644
2546,0.0033165324
2547,0.21972121
2548,0.0003698083
2549,0.8271825
2550,0.13248035
2551,0.00043746887
2552,0.06256053
2553,0.0011179108
2554,0.113605216
2555,0.0028383322
2556,0.0023734786
2557,0.0028276676
2558,0.0009892399
2559,0.45846573
2560,0.9287225
2561,0.0023268568
2562,0.02828051
2563,0.0031891435
2564,0.7766543
2565,0.36152452
2566,0.0031973275
2567,0.73646116
2568,0.0019701687
2569,0.0031690642
2570,0.9023598
2571,0.03265856
2572,0.615177
2573,0.0060678837
2574,0.03852866
2575,0.022333369
2576,0.14467151
2577,0.09931035
2578,0.003216113
2579,0.4087904
2580,0.003160467
2581,0.001759657
2582,0.06679138
2583,0.16355148
2584,0.0068591963
2585,0.0024791511
2586,0.6915244
2587,0.13487837
2588,0.029012509
2589,0.00064322015
2590,0.519438
2591,0.004262626
2592,0.0073603396
2593,0.73565304
2594,0.0032839957
2595,0.6213367
2596,0.0051196082
2597,0.0331806
2598,0.15524925
2599,0.0030075426
2600,0.8169281
2601,0.005887942
2602,0.084544875
2603,0.00201263
2604,0.48667553
2605,0.8040356
2606,0.40330908
2607,0.5748003
2608,0.042155173
2609,0.0014352157
2610,0.7733943
2611,0.06624734
2612,0.070142545
2613,0.39967883
2614,0.8888543
2615,0.2957465
2616,0.48485577
2617,0.0020247803
2618,0.0012838091
2619,0.01660867
2620,0.105771944
2621,0.00020714784
2622,0.00027192972
2623,0.0037590086
2624,0.31413952
2625,0.05167961
2626,0.8702381
2627,0.09635083
2628,0.0029269143
2629,0.037517123
2630,0.005629553
2631,0.0011385201
2632,0.03699517
2633,0.9638409
2634,0.06738972
2635,0.017217811
2636,0.0030968618
2637,0.5398606
2638,0.39285582
2639,0.07841729
2640,0.898175
2641,0.28071266
2642,0.3712102
2643,0.004990787
2644,0.6202707
2645,0.38538107
2646,0.027781034
2647,0.51012284
2648,0.058831926
2649,0.10745253
2650,0.58330595
2651,0.5073294
2652,0.033531804
2653,0.32198647
2654,0.86848193
2655,0.046479262
2656,0.23213534
2657,0.0020049156
2658,0.0013131553
2659,0.2545836
2660,0.0021093797
2661,0.00038822446
2662,0.9740486
2663,0.06726336
2664,0.0037830055
2665,0.0013583512
2666,0.55302423
2667,0.041245155
2668,0.003443552
2669,0.329966
2670,0.8866769
2671,0.0022654957
2672,0.13558407
2673,0.0015825327
2674,0.0855008
2675,0.0021148943
2676,0.002142402
2677,0.0009659178
2678,0.04095853
2679,0.0025458192
2680,0.08603946
2681,0.00034706146
2682,0.042257864
2683,0.01707716
2684,0.00094794866
2685,0.94341487
2686,0.027146466
2687,0.14359245
2688,0.3640765
2689,0.0010414703
2690,0.074256964
2691,0.9188082
2692,0.12586495
2693,0.00088554743
2694,0.97091156
2695,0.30578652
2696,0.8869016
2697,0.0030025297
2698,0.03394408
2699,0.8449602
2700,0.00087730814
2701,0.0003834124
2702,0.004225484
2703,0.24864489
2704,0.0074593197
2705,0.5510813
2706,0.00037238593
2707,0.0025789272
2708,0.028569687
2709,0.0016202304
2710,0.56393
2711,0.0023519169
2712,0.14073147
2713,0.046204604
2714,0.018685972
2715,0.00039163855
2716,0.003717777
2717,0.005248465
2718,0.0023356706
2719,0.90960515
2720,0.33211777
2721,0.07149068
2722,0.0049207825
2723,0.011509619
2724,0.001965577
2725,0.038676757
2726,0.0010002533
2727,0.004357611
2728,0.13785228
2729,0.00013282265
2730,0.0006957378
2731,0.0025641653
2732,0.0014894244
2733,0.00033045752
2734,0.1426619
2735,0.0031325864
2736,0.0018388062
2737,0.94041806
2738,0.20178407
2739,0.0031488577
2740,0.6115426
2741,0.68523717
2742,0.5858638
2743,0.013024051
2744,0.008409343
2745,0.76960474
2746,0.03772109
2747,0.00019769992
2748,0.004577537
2749,0.4105322
2750,0.0022002913
2751,0.25846538
2752,0.48918265
2753,0.002698045
2754,0.0034730448
2755,0.08196549
2756,0.5632436
2757,0.008930073
2758,0.0008728631
2759,0.80354977
2760,0.036009923
2761,0.16863833
2762,0.64940226
2763,0.00081686076
2764,0.037438095
2765,0.06480867
2766,0.47277546
2767,0.7643341
2768,0.6989225
2769,0.040979147
2770,0.0004316313
2771,0.0013429103
2772,0.11798122
2773,0.0014636744
2774,0.0033634875
2775,0.00014615383
2776,0.0030477424
2777,0.044308007
2778,0.0027407983
2779,0.009300294
2780,0.5357803
2781,0.038845167
2782,0.0012195556
2783,0.4417504
2784,0.1204285
2785,0.121815965
2786,0.0010880082
2787,0.0183374
2788,0.0018803568
2789,0.0015130342
2790,0.16199763
2791,0.0035056702
2792,0.011317936
2793,0.21555012
2794,0.006943151
2795,0.0014332277
2796,0.1570622
2797,0.44507083
2798,0.67107487
2799,0.8410202
2800,0.0002653927
2801,0.00207688
2802,0.16310303
2803,0.0026392317
2804,0.22951098
2805,0.060716476
2806,0.01855795
2807,0.0013682349
2808,0.67208934
2809,0.18281408
2810,0.0037737836
2811,0.13777453
2812,0.0015211862
2813,0.0021483176
2814,0.42666328
2815,0.008852311
2816,0.0003196985
2817,0.643653
2818,0.0044371025
2819,0.0008758573
2820,0.0019063924
2821,0.046349976
2822,0.016615711
2823,0.08997874
2824,0.0002407365
2825,0.004492861
2826,0.002226371
2827,0.1189185
2828,0.0004565857
2829,0.0020530685
2830,0.38777706
2831,0.8224272
2832,0.0009071486
2833,0.004937777
2834,0.9122451
2835,0.059051637
2836,0.035249718
2837,0.56058
2838,0.24008043
2839,0.034712523
2840,0.04065572
2841,0.8572643
2842,0.00427261
2843,0.8180546
2844,0.003059755
2845,0.03671581
2846,0.058446024
2847,0.017559165
2848,0.0026353637
2849,0.0902942
2850,0.0010524187
2851,0.2590495
2852,0.00042488094
2853,0.67223614
2854,0.0006233619
2855,0.0040738005
2856,0.031452034
2857,0.0011521374
2858,0.04463099
2859,0.14465216
2860,0.00047616014
2861,0.049157213
2862,0.054303464
2863,0.034904204
2864,0.0008106326
2865,0.15910634
2866,0.1022859
2867,0.10302914
2868,0.06393905
2869,0.06307951
2870,0.040057834
2871,0.0010746144
2872,0.87905246
2873,0.513515
2874,0.0012513126
2875,0.0035519523
2876,0.0007809325
2877,0.81197613
2878,0.510899
2879,0.30053568
2880,0.0014784406
2881,0.001977808
2882,0.6056747
2883,0.30922592
2884,0.90875614
2885,0.00090741005
2886,0.16618574
2887,0.16565527
2888,0.044330545
2889,0.010662686
2890,0.034927115
2891,0.028649589
2892,0.002185019
2893,0.5133155
2894,0.020501047
2895,0.0068046013
2896,0.7523704
2897,0.00733567
2898,0.05086496
2899,0.13475391
2900,0.03348102
2901,0.17317963
2902,0.5090202
2903,0.0059881588
2904,0.09539348
2905,0.0005709709
2906,0.025498392
2907,0.0008982919
2908,0.000706448
2909,0.14006643
2910,0.353549
2911,0.0038690895
2912,0.0024611487
2913,0.86305356
2914,0.048029333
2915,0.11949704
2916,0.39465094
2917,0.00042395203
2918,0.50837886
2919,0.29809132
2920,0.006112066
2921,0.6870861
2922,0.02836077
2923,0.00017788111
2924,0.2659457
2925,0.087137595
2926,0.002065081
2927,0.0014167407
2928,0.046438176
2929,0.39017063
2930,0.49001324
2931,0.0022413607
2932,0.05553757
2933,0.0011193756
2934,0.0047519403
2935,0.032579053
2936,0.446368
2937,0.07046198
2938,0.07172395
2939,0.23301002
2940,0.028567465
2941,0.002128573
2942,0.109826595
2943,0.07327645
2944,0.0048865974
2945,0.8536696
2946,0.015861707
2947,0.72072923
2948,0.101942554
2949,0.075275406
2950,0.01764018
2951,0.56035453
2952,0.0016779964
2953,0.8193871
2954,0.24901846
2955,0.9208526
2956,0.05227073
2957,0.004734331
2958,0.0004800576
2959,0.0012444735
2960,0.10059582
2961,0.79253477
2962,0.009207652
2963,0.9663085
2964,0.008356802
2965,0.16756174
2966,0.119433574
2967,0.2763291
2968,0.8506594
2969,0.00042332264
2970,0.011491259
2971,0.0021455318
2972,0.8937065
2973,0.05540266
2974,0.82565063
2975,0.0003953541
2976,0.006390782
2977,0.53566426
2978,0.7133551
2979,0.05035491
2980,0.67245555
2981,0.16979896
2982,0.05438599
2983,0.043661077
2984,0.001880329
2985,0.06287448
2986,0.004575506
2987,0.008301265
2988,0.6498289
2989,0.14423339
2990,0.070120424
2991,0.044421475
2992,0.0024064388
2993,0.003973187
2994,0.0926634
2995,0.32121065
2996,0.0011522692
2997,0.019623319
2998,0.005639333
2999,0.015939604
3000,0.57404304
3001,0.6861025
3002,0.00090390403
3003,0.061181463
3004,0.08174543
3005,0.0117344605
3006,0.0035357366
3007,0.0002947671
3008,0.62900764
3009,0.004963658
3010,0.00044485697
3011,0.046346948
3012,0.0061783483
3013,0.008250225
3014,0.2885513
3015,0.004308987
3016,0.007173084
3017,0.060814485
3018,0.0009982903
3019,0.85446453
3020,0.13731076
3021,0.0030481943
3022,0.004756848
3023,0.035176877
3024,0.0703202
3025,0.7613486
3026,0.31824315
3027,0.42838064
3028,0.004089124
3029,0.008039403
3030,0.4641777
3031,0.0015446483
3032,0.046735484
3033,0.84219503
3034,0.0019388784
3035,0.7218255
3036,0.16499192
3037,0.0011549261
3038,0.002852956
3039,0.0011489132
3040,0.0075926865
3041,0.53160125
3042,0.18925191
3043,0.038052753
3044,0.0004256429
3045,0.61673415
3046,0.2773045
3047,0.954903
3048,0.96966696
3049,0.15885322
3050,0.073362306
3051,0.0028849917
3052,0.07485037
3053,0.0033115332
3054,0.0047036246
3055,0.0009495953
3056,0.0013374723
3057,0.9439815
3058,0.9341427
3059,0.02214924
3060,0.21374278
3061,0.014290979
3062,0.044073224
3063,0.23341598
3064,0.0911712
3065,0.011900844
3066,0.00084745506
3067,0.014504404
3068,0.21683462
3069,0.003262715
3070,0.044597723
3071,0.089437984
3072,0.22853947
3073,0.95182157
3074,0.00023492047
3075,0.48602337
3076,0.026694527
3077,0.5918209
3078,0.0009300648
3079,0.0015653746
3080,0.046880685
3081,0.25199094
3082,0.0020345026
3083,0.00029348445
3084,0.0001571444
3085,0.596844
3086,0.029200649
3087,0.004579923
3088,0.33221012
3089,0.04924418
3090,0.038229734
3091,0.82595044
3092,0.033298515
3093,0.021876806
3094,0.017380558
3095,0.09431278
3096,0.24312235
3097,0.1998429
3098,0.08735901
3099,0.20917249
3100,0.80617195
3101,0.00063041074
3102,0.030356672
3103,0.025068343
3104,0.018977206
3105,0.04896384
3106,0.00031583023
3107,0.8268387
3108,0.052798618
3109,0.0019113582
3110,0.10191804
3111,0.003262851
3112,0.512891
3113,0.4413051
3114,0.0011917901
3115,0.14008687
3116,0.018581059
3117,0.65759736
3118,0.024666956
3119,0.010381664
3120,0.022148333
3121,0.00023688673
3122,0.0013780703
3123,0.105242185
3124,0.79419637
3125,0.14543647
3126,0.00269597
3127,0.0006812107
3128,0.003268288
3129,0.00058264897
3130,0.039763667
3131,0.0029235177
3132,0.0011729689
3133,0.0001273777
3134,0.005833456
3135,0.06316014
3136,0.017295435
3137,0.06666855
3138,0.0016768809
3139,0.855529
3140,0.097534396
3141,0.0010586637
3142,0.00082093314
3143,0.011787154
3144,0.082812704
3145,0.0013937326
3146,0.0010369489
3147,0.0026647497
3148,0.00022149515
3149,0.043566678
3150,0.0025438801
3151,0.0028998288
3152,0.000426751
3153,0.012939716
3154,0.20862788
3155,0.09034992
3156,0.002258148
3157,0.0913782
3158,0.00024435858
3159,0.091800384
3160,0.07593243
3161,0.00032186648
3162,0.764072
3163,0.001016443
3164,0.00071551773
3165,0.001766606
3166,0.0007856241
3167,0.0017288859
3168,0.001632737
3169,0.8512487
3170,0.0010607512
3171,0.030590864
3172,0.0023083275
3173,0.0096833315
3174,0.018296283
3175,0.0018457394
3176,0.07907328
3177,0.0007427141
3178,0.046867788
3179,0.0022582868
3180,0.032431163
3181,0.00017840395
3182,0.012841883
3183,0.00031789133
3184,0.001727897
3185,0.007433771
3186,0.119917706
3187,0.0013262002
3188,0.024863794
3189,0.043693643
3190,0.039630644
3191,0.11619028
3192,0.59262925
3193,0.0010938857
3194,0.017296446
3195,0.06226259
3196,0.029369649
3197,0.0019321853
3198,0.013420209
3199,0.03461791
3200,0.0004002435
3201,0.0012723808
3202,0.0015485206
3203,0.0014553409
3204,0.045304347
3205,0.2624706
3206,0.8868778
3207,0.704186
3208,0.0019814908
3209,0.010135003
3210,0.067842424
3211,0.0037931888
3212,0.9708854
3213,0.0010027956
3214,0.001668424
3215,0.0092265075
3216,0.08759076
3217,0.08102692
3218,0.14170536
3219,0.923895
3220,0.025645254
3221,0.000640784
3222,0.0007335858
3223,0.0010412219
3224,0.7334026
3225,0.00073166756
3226,0.6707821
3227,0.00026191326
3228,0.0013301343
3229,0.001739837
3230,0.031017078
3231,0.00031375283
3232,0.014638302
3233,0.15586554
3234,0.00074083905
3235,0.0017354878
3236,0.7197953
3237,0.029206455
3238,0.0006446136
3239,0.0011646964
3240,0.010071419
3241,0.02544475
3242,0.00087366276
3243,0.0643432
3244,0.0009705131
3245,0.010116435
3246,0.0009636714
3247,0.0011667085
3248,0.013917396
3249,0.00090031454
3250,0.04308511
3251,0.00031188736
3252,0.026313238
3253,0.0023749105
3254,0.000816493
3255,0.0011137346
3256,0.021541584
3257,0.09132534
3258,0.517331
3259,0.059042484
3260,0.04214494
3261,0.00039170467
3262,0.067238174
3263,0.059484582
3264,0.0014108925
3265,0.32390392
3266,0.86399233
3267,0.0018091939
3268,0.61019987
3269,0.0013195373
3270,0.0008510375
3271,0.0008715317
3272,0.7819619
3273,0.0025308067
3274,0.042985607
3275,0.0023711843
3276,0.0002390526
3277,0.011620703
3278,0.0026753296
3279,0.81919736
3280,0.034134414
3281,0.3582268
3282,0.02511575
3283,0.04943246
3284,0.0030192696
3285,0.0024472927
3286,0.00038074816
3287,0.0008916457
3288,0.0008502703
3289,0.08249715
3290,0.0025080745
3291,0.0017309578
3292,0.00069261726
3293,0.5027878
3294,0.011599625
3295,0.582379
3296,0.21535438
3297,0.224342
3298,0.0324062
3299,0.02985641
3300,0.43284926
3301,0.013241731
3302,0.0037864847
3303,0.030094838
3304,0.00060843996
3305,0.011256481
3306,0.0031919037
3307,0.45957017
3308,0.004903849
3309,0.0590613
3310,0.042508926
3311,0.8681067
3312,0.029007398
3313,0.050258968
3314,0.0006768077
3315,0.041857075
3316,0.0031820463
3317,0.036769036
3318,0.0020828757
3319,0.41035345
3320,0.0010181979
3321,0.0974263
3322,0.05031477
3323,0.3325565
3324,0.57778627
3325,0.0019965435
3326,0.0015953887
3327,0.045200672
3328,0.0006576721
3329,0.9111834
