Time,Voltage (V),Current (A),Power (W),Energy (kwh),Frequency (Hz),Power Factor
1638799744,nan,0,0,0,0,0
1638799744,nan,0,0,0,0,0
1638799744,nan,0,0,0,0,0
1638799744,nan,0,0,0,0,0
1638799744,nan,0,0,0,0,0
1638799744,nan,0,0,0,0,0
1638799744,nan,0,0,0,0,0
1638799744,237.3,0.04,0.5,0,50,0.06
1638799872,237.2,0.04,0.5,0,50,0.06
1638799872,237.4,0.04,0.4,0,50,0.05
1638799872,237.5,0.04,0.5,0,50,0.06
1638799872,237.6,0.05,1.4,0,50,0.13
1638799872,237.7,0.04,0.5,0,50,0.06
1638799872,nan,0.04,0.5,0,50,0.06
1638799872,nan,0.04,0.5,0,50,0.06
1638799872,237.8,0.06,5.9,0,50,0.42
1638799872,238,0.06,5.9,0,50,0.42
1638800000,237.4,0.06,5.8,0,50,0.41
1638800000,nan,0.06,5.8,0,50,0.41
1638800000,nan,0.06,5.8,0,50,0.41
1638800000,nan,0.06,5.8,0,50,0.41
1638800000,nan,0.06,5.8,0,50,0.41
1638800000,nan,0.06,5.8,0,50,0.41
1638800000,nan,0.06,5.8,0,50,0.41
1638800000,nan,0.06,5.8,0,50,0.41
1638800000,237.9,0.04,0.5,0,50,0.06
1638800000,238,0.04,0.5,0,50,0.06
1638800000,nan,0.04,0.5,0,50,0.06
1638800000,238,0.06,5.9,0,50,0.43
1638800000,238.1,0.06,5.8,0,50,0.42
1638800128,238.3,0.06,5.9,0,50,0.43
1638800128,238,0.09,10.7,0,50,0.47
1638800128,238,0.11,12.4,0,50,0.49
1638800128,238.3,0.11,12.3,0,50,0.48
1638800128,238.4,0.11,12.4,0,50,0.48
1638800128,238.5,0.11,12.4,0,50,0.49
1638800128,238.3,0.11,12.3,0,50,0.48
1638800128,238.3,0.11,12.4,0,50,0.49
1638800128,238.4,0.11,12.4,0,50,0.49
1638800128,238.2,0.11,12.3,0,50,0.48
1639145216,nan,0,0,0,0,0
1639145216,nan,0,0,0,0,0
1639145216,243.6,0.05,8.1,0.05,50,0.67
1639145216,243.5,0.05,6.6,0.05,50,0.59
1639145344,243.5,0.05,6.4,0.05,50,0.57
1639145344,243.5,0.05,6.4,0.05,50,0.57
1639145344,243.6,0.05,6.2,0.05,50,0.57
1639145344,243.6,0.05,6.1,0.05,50,0.56
1639145344,243.6,0.05,6,0.05,50,0.55
1639145344,243.6,0.04,6,0.05,50,0.56
1639145344,243.9,0.04,5.8,0.05,50,0.54
1639145344,243.8,0.04,5.7,0.05,50,0.53
1639145344,244,0.04,5.7,0.05,50,0.53
1639145344,243.9,0.04,5.6,0.05,50,0.52
1639145344,244,0.04,5.6,0.05,50,0.52
1639145344,243.9,0.04,5.5,0.05,50,0.51
1639145472,nan,0.04,5.5,0.05,50,0.51
1639145472,nan,0.04,5.5,0.05,50,0.51
1639145472,nan,0.04,5.5,0.05,50,0.51
1639145472,nan,0.04,5.5,0.05,50,0.51
1639145472,nan,0.04,5.5,0.05,50,0.51
1639145472,nan,0.04,5.5,0.05,50,0.51
1639145472,nan,0.04,5.5,0.05,50,0.51
1639145472,nan,0.04,5.5,0.05,50,0.51
1639145472,nan,0.04,5.5,0.05,50,0.51
1639145600,nan,0.04,5.5,0.05,50,0.51
1639145600,nan,0.04,5.5,0.05,50,0.51
1639145600,nan,0.04,5.5,0.05,50,0.51
1639145600,nan,0,0,0,0,0
1639145600,nan,0,0,0,0,0
1639145600,nan,0,0,0,0,0
1639145600,nan,0,0,0,0,0
1639145600,243.8,0.05,7.9,0.05,50,0.65
1639145600,243.8,0.05,7.1,0.05,50,0.62
1639145600,243.6,0.05,6.8,0.05,50,0.59
1639145600,243.7,0.05,6.6,0.05,50,0.59
1639145600,243.7,0.05,6.5,0.05,50,0.58
1639145600,243.6,0.05,6.4,0.05,50,0.57
1639145600,243.9,0.05,6.3,0.05,50,0.57
1639145728,243.9,0.05,6.1,0.05,50,0.56
1639145728,243.9,0.05,6.1,0.05,50,0.56
1639145728,243.9,0.05,6,0.05,50,0.55
1639145728,243.9,0.04,5.9,0.05,50,0.55
1639145728,244,0.04,5.8,0.05,50,0.54
1639145728,243.9,0.04,5.8,0.05,50,0.54
1639145728,243.8,0.04,5.8,0.05,50,0.54
1639145728,243.6,0.04,5.7,0.05,50,0.53
1639145728,243.7,0.04,5.6,0.05,50,0.52
1639145728,243.7,0.04,5.6,0.05,50,0.52
1639145728,243.8,0.04,5.5,0.05,50,0.51
1639145728,243.7,0.04,5.5,0.05,50,0.52
1639145728,243.8,0.04,5.4,0.05,50,0.52
1639145728,243.9,0.04,5.4,0.05,50,0.51
1639145728,243.8,0.04,5.3,0.05,50,0.51
1639145856,243.8,0.04,5.3,0.05,50,0.51
1639145856,244,0.04,5.3,0.05,50,0.51
1639145856,243.9,0.04,5.3,0.05,50,0.51
1639145856,243.9,0.04,5.3,0.05,50,0.51
1639145856,243.9,0.04,5.3,0.05,50,0.51
1639145856,243.9,0.04,5.3,0.05,50,0.51
1639145856,243.8,0.04,5.3,0.05,49.9,0.51
1639145856,243.7,0.04,5.3,0.05,50,0.51
1639145856,243.9,0.04,5.3,0.05,49.9,0.51
1639145856,243.9,0.04,5.2,0.05,50,0.5
1639145856,244,0.04,5.2,0.05,50,0.5
1639145856,244.2,0.04,5.2,0.05,50,0.5
1639145856,244.3,0.04,5.2,0.05,50,0.5
1639145856,244.2,0.04,5.2,0.05,50,0.5
1639145856,244.4,0.04,5.1,0.05,50,0.49
1639145984,244.5,0.04,5.1,0.05,50,0.49
1639145984,244.6,0.04,5.1,0.05,50,0.48
1639145984,244.5,0.04,5.1,0.05,50,0.49
1639145984,244.4,0.04,5.1,0.05,50,0.49
1639145984,244.4,0.04,5.1,0.05,50,0.49
1639145984,244.3,0.04,5.1,0.05,50,0.49
1639145984,244.3,0.04,5,0.05,50,0.49
1639145984,244.4,0.04,5,0.05,50,0.49
1639145984,244.4,0.04,5,0.05,50,0.49
1639145984,244.5,0.04,5,0.05,50,0.48
1639145984,244.6,0.04,5,0.05,50,0.49
1639146112,244.7,0.04,5,0.05,50,0.48
1639146112,244.6,0.04,5,0.05,50,0.48
1639146112,244.6,0.04,4.9,0.05,50,0.48
1639146112,244.6,0.04,5,0.05,50,0.49
1639146112,244.5,0.04,5,0.05,50,0.49
1639146112,244.5,0.04,5,0.05,50,0.48
1639146112,244.5,0.04,4.9,0.05,50,0.48
1639146112,244.6,0.04,4.9,0.05,50,0.48
1639146112,245,0.04,5,0.05,50,0.49
1639146112,244.9,0.04,4.9,0.05,50,0.48
1639146112,244.9,0.04,4.9,0.05,50,0.48
1639146112,245.1,0.04,4.9,0.05,50,0.48
1639146240,245.1,0.04,4.9,0.05,50,0.48
1639146240,245.2,0.04,4.9,0.05,50,0.48
1639146240,245.1,0.04,5,0.05,50,0.49
1639146240,245.1,0.04,4.8,0.05,50,0.47
1639146240,nan,0.04,4.8,0.05,50,0.47
1639146240,nan,0.04,4.8,0.05,50,0.47
1639146240,nan,0.04,4.8,0.05,50,0.47
1639146240,nan,0.04,4.8,0.05,50,0.47
1639146240,nan,0.04,4.8,0.05,50,0.47
1639146240,nan,0.04,4.8,0.05,50,0.47
1639146368,nan,0,0,0,0,0
1639146368,nan,0,0,0,0,0
1639146368,244.8,0.05,6.6,0.05,50,0.59
1639146368,244.7,0.05,5.9,0.05,50,0.54
1639146368,244.9,0.04,5.7,0.05,50,0.53
1639146368,244.9,0.04,5.6,0.05,50,0.52
1639146368,245,0.04,5.6,0.05,50,0.52
1639146368,245.1,0.04,5.5,0.05,50,0.51
1639146368,244.6,0.04,5.2,0.05,50,0.49
1639146368,244.6,0.04,5.1,0.05,50,0.48
1639146368,244.7,0.04,5.1,0.05,50,0.48
1639146496,244.6,0.04,5.1,0.05,50,0.48
1639146496,244.6,0.04,5.1,0.05,50,0.48
1639146496,244.5,0.04,5,0.05,50,0.48
1639146496,244.5,0.04,5.1,0.05,50,0.49
1639146496,244.5,0.04,5,0.05,50,0.49
1639146496,244.3,0.04,5,0.05,50,0.49
1639146496,244.3,0.04,5,0.05,50,0.49
1639146496,244.5,0.04,5,0.05,50,0.49
1639146496,244.4,0.04,5,0.05,50,0.49
1639146496,244.3,0.04,5,0.05,50,0.49
1639146496,244.3,0.04,4.9,0.05,50,0.48
1639146496,244.2,0.04,4.9,0.05,50,0.48
1639146496,244.1,0.04,4.9,0.05,50,0.48
1639153536,nan,0,0,0,0,0
1639153536,nan,0,0,0,0,0
1639153536,nan,0,0,0,0,0
1639153536,nan,0,0,0,0,0
1639153536,nan,0,0,0,0,0
1639153536,nan,0,0,0,0,0
1639153536,nan,0,0,0,0,0
1639153664,nan,0,0,0,0,0
1639153664,nan,0,0,0,0,0
1639153664,nan,0,0,0,0,0
1639153664,nan,0,0,0,0,0
1639153664,nan,0,0,0,0,0
1639153664,nan,0,0,0,0,0
1639153664,nan,0,0,0,0,0
1639153664,nan,0,0,0,0,0
1639153664,nan,0,0,0,0,0
1639153664,nan,0,0,0,0,0
1639153664,nan,0,0,0,0,0
1639153664,nan,0,0,0,0,0
1639153664,nan,0,0,0,0,0
1639153664,nan,0,0,0,0,0
1639153664,nan,0,0,0,0,0
1639153664,nan,0,0,0,0,0
1639153664,nan,0,0,0,0,0
1639153664,nan,0,0,0,0,0
1639153792,nan,0,0,0,0,0
1639153792,nan,0,0,0,0,0
1639153792,nan,0,0,0,0,0
1639153792,nan,0,0,0,0,0
1639153792,nan,0,0,0,0,0
1639153792,nan,0,0,0,0,0
1639153792,nan,0,0,0,0,0
1639153792,nan,0,0,0,0,0
1639153792,nan,0,0,0,0,0
1639153792,nan,0,0,0,0,0
1639153792,nan,0,0,0,0,0
1639153792,nan,0,0,0,0,0
1639153792,nan,0,0,0,0,0
1639153792,nan,0,0,0,0,0
1639153792,nan,0,0,0,0,0
1639153792,nan,0,0,0,0,0
1639153792,nan,0,0,0,0,0
1639153792,nan,0,0,0,0,0
1639153792,nan,0,0,0,0,0
1639153792,4625.1,4187729.25,21964196,4057909.25,657.7,30.75
1639153920,245.8,0.08,17.4,0.05,50,0.88
1639153920,245.7,0.05,8.3,0.05,50,0.66
1639153920,0,0,0,0,0,0
1639153920,0,0,0,0,0,0
1639153920,0,0,0,0,0,0
1639153920,4214.7,3149604.25,76490144,4057385,656.1,348.19
1639154048,245.3,0.05,6.6,0.05,50,0.57
1639154048,245.2,0.05,6.5,0.05,50,0.58
1639154048,245.1,0.05,6.4,0.05,50,0.57
1639154048,244.9,0.05,6.2,0.05,50,0.55
1639154048,245.2,0.05,6.1,0.05,50,0.55
1639154048,245.1,0.05,6,0.05,50,0.54
1639154048,0,0,0,0,0,0
1639154048,0,0,0,0,0,0
1639154048,0,0,0,0,0,0
1639154048,0,0,0,0,0,0
1639154176,245,0.05,7.5,0.05,50,0.62
1639154176,244.8,0.05,6.2,0.05,50,0.55
1639154176,244.8,0.05,6.6,0.05,50,0.57
1639154176,244.3,0.05,6.1,0.05,50,0.55
1639154176,244.4,0.05,5.9,0.05,50,0.54
1639154176,244.4,0.05,5.9,0.05,50,0.54
1639154176,244.5,0.04,5.8,0.05,50,0.54
1639154176,244.5,0.04,5.7,0.05,50,0.53
1639154176,244.7,0.04,5.6,0.05,50,0.52
1639154176,244.6,0.04,5.6,0.05,50,0.52
1639154176,244.4,0.04,5.5,0.05,49.9,0.51
1639154176,244.4,0.04,5.5,0.05,49.9,0.51
1639154176,244.5,0.04,5.5,0.05,50,0.51
1639154304,244.5,0.04,5.4,0.05,49.9,0.5
1639154304,244.4,0.04,5.4,0.05,49.9,0.51
1639154304,244.3,0.04,5.4,0.05,49.9,0.5
1639154304,244.4,0.04,5.3,0.05,49.9,0.49
1639154304,244.3,0.04,5.3,0.05,49.9,0.5
1639154304,244.3,0.04,5.2,0.05,49.9,0.5
1639154304,219.4,0.05,6.7,0.05,49.9,0.65
1639154304,244.1,0.04,5.2,0.05,49.9,0.5
1639154304,244,0.04,5.2,0.05,49.8,0.5
1639154304,244.1,0.04,5.2,0.05,49.9,0.5
1639154304,244.1,0.04,5.2,0.05,49.9,0.5
1639154304,244,0.04,5.1,0.05,49.9,0.49
1639154304,244.1,0.04,5.1,0.05,49.8,0.49
1639154432,244.2,0.04,5.1,0.05,49.9,0.49
1639154432,244.1,0.04,5.1,0.05,49.9,0.49
1639154432,244.1,0.04,5,0.05,49.9,0.48
1639154432,244,0.04,5.1,0.05,49.9,0.49
1639154432,243.9,0.04,5,0.05,49.8,0.48
1639154432,243.8,0.04,4.9,0.05,49.9,0.47
1639154432,243.8,0.04,4.9,0.05,49.8,0.48
1639154432,243.7,0.04,4.9,0.05,49.8,0.48
1639154432,243.8,0.04,5,0.05,49.8,0.48
1639154432,243.9,0.04,5,0.05,49.8,0.48
1639154560,243.9,0.04,4.9,0.05,49.8,0.47
1639154560,243.9,0.04,4.9,0.05,49.9,0.48
1639154560,243.9,0.04,4.9,0.05,49.8,0.47
1639154560,244,0.04,4.9,0.05,49.9,0.48
1639154560,244.1,0.04,4.9,0.05,49.9,0.47
1639154560,244,0.04,4.9,0.05,49.9,0.48
1639154560,244.2,0.04,4.9,0.05,49.9,0.47
1639154560,244.1,0.04,4.9,0.05,49.9,0.48
1639154560,244.1,0.04,4.9,0.05,49.9,0.47
1639154560,244.2,0.04,4.9,0.05,49.9,0.48
1639154560,244.2,0.04,4.9,0.05,49.9,0.47
1639154560,244.1,0.04,4.8,0.05,49.9,0.47
1639154688,244.1,0.04,4.9,0.05,49.9,0.48
1639154688,244.1,0.04,4.8,0.05,49.9,0.47
1639154688,244.2,0.04,4.8,0.05,49.9,0.47
1639154688,244.3,0.04,4.8,0.05,49.9,0.47
1639154688,244.2,0.04,4.8,0.05,49.9,0.46
1639154688,244.3,0.04,4.8,0.05,49.9,0.47
1639154688,244.4,0.04,4.8,0.05,49.9,0.47
1639154688,244.4,0.04,4.7,0.05,49.9,0.46
1639154688,244.4,0.04,4.8,0.05,49.9,0.47
1639154816,244.3,0.04,4.8,0.05,49.9,0.47
1639154816,244.4,0.04,4.8,0.05,49.9,0.47
1639154816,244.3,0.04,4.8,0.05,49.9,0.47
1639154816,244.3,0.04,4.7,0.05,49.9,0.46
1639154816,244.4,0.04,4.8,0.05,50,0.46
1639154816,244.3,0.04,4.8,0.05,49.9,0.47
1639154816,244.4,0.04,4.8,0.05,49.9,0.47
1639154816,244.3,0.04,4.8,0.05,49.9,0.47
1639154816,244.2,0.04,4.7,0.05,50,0.46
1639154816,244.1,0.04,4.7,0.05,49.9,0.46
1639154816,244.2,0.04,4.7,0.05,49.9,0.46
1639154944,244,0.04,4.7,0.05,49.9,0.46
1639154944,244.2,0.04,4.7,0.05,49.9,0.46
1639154944,244.1,0.04,4.7,0.05,49.9,0.46
1639154944,244.2,0.04,4.7,0.05,49.9,0.46
1639154944,244.4,0.04,4.7,0.05,49.9,0.46
1639154944,244.4,0.04,4.7,0.05,49.9,0.46
1639154944,244.3,0.04,4.7,0.05,49.9,0.45
1639154944,244.6,0.04,4.7,0.05,50,0.46
1639154944,244.7,0.04,4.7,0.05,50,0.46
1639154944,244.4,0.04,4.7,0.05,49.9,0.46
1639154944,244.5,0.04,4.7,0.05,50,0.46
1639154944,244.6,0.04,4.7,0.05,50,0.46
1639155072,0,0,0,0,0,0
1639155072,0,0,0,0,0,0
1639155072,0,0,0,0,0,0
1639155072,0,0,0,0,0,0
1639155072,0,0,0,0,0,0
1639156224,0,0,0,0,0,0
1639156224,0,0,0,0,0,0
1639156224,0,0,0,0,0,0
1639156224,0,0,0,0,0,0
1639156224,0,0,0,0,0,0
1639156352,0,0,0,0,0,0
1639156352,0,0,0,0,0,0
1639156352,0,0,0,0,0,0
1639156352,0,0,0,0,0,0
1639156352,0,0,0,0,0,0
1639156352,0,0,0,0,0,0
1639156352,0,0,0,0,0,0
1639156352,0,0,0,0,0,0
1639156352,0,0,0,0,0,0
1639156352,0,0,0,0,0,0
1639156352,0,0,0,0,0,0
1639156480,0,0,0,0,0,0
1639156480,0,0,0,0,0,0
1639156480,0,0,0,0,0,0
1639156480,nan,nan,nan,nan,nan,nan
1639156480,nan,nan,nan,nan,nan,nan
1639156480,nan,nan,nan,nan,nan,nan
1639156480,244.3,0.05,9.3,0.05,49.9,0.7
1639156480,244.2,0.05,8.1,0.05,49.9,0.65
1639156480,244.3,0.05,7.6,0.05,49.9,0.63
1639156480,nan,nan,nan,nan,nan,nan
1639156480,nan,nan,nan,nan,nan,nan
1639156480,nan,nan,nan,nan,nan,nan
1639156480,nan,nan,nan,nan,nan,nan
1639156480,nan,nan,nan,nan,nan,nan
1639156608,nan,nan,nan,nan,nan,nan
1639156608,nan,nan,nan,nan,nan,nan
1639156608,nan,nan,nan,nan,nan,nan
1639156608,nan,nan,nan,nan,nan,nan
1639156608,244.6,0.05,7.3,0.05,49.9,0.62
1639156608,244.7,0.05,7.2,0.05,49.9,0.61
1639156608,244.6,0.05,7,0.05,49.9,0.6
1639156608,244.8,0.05,6.9,0.05,49.9,0.6
1639156608,244.6,0.05,6.6,0.05,49.9,0.57
1639156608,0,0,0,0,0,0
1639156608,0,0,0,0,0,0
1639156736,0,0,0,0,0,0
1639156736,0,0,0,0,0,0
1639156736,0,0,0,0,0,0
1639156736,0,0,0,0,0,0
1639156736,0,0,0,0,0,0
1639156736,0,0,0,0,0,0
1639156736,0,0,0,0,0,0
1639156864,0,0,0,0,0,0
1639156864,0,0,0,0,0,0
1639156864,0,0,0,0,0,0
1639156864,244.4,0.05,6.9,0.05,49.9,0.6
1639156864,244.4,0.05,6.4,0.05,49.9,0.57
1639156864,244.4,0.05,6.2,0.05,49.9,0.56
1639156864,0,0,0,0,0,0
1639156992,0,0,0,0,0,0
1639156992,0,0,0,0,0,0
1639156992,0,0,0,0,0,0
1639156992,0,0,0,0,0,0
1639156992,243.7,0.05,7.7,0.05,49.9,0.64
1639156992,243.6,0.05,6.5,0.05,49.8,0.58
1639156992,243.6,0.05,6.2,0.05,49.8,0.57
1639156992,243.6,0.05,6,0.05,49.8,0.55
1639156992,243.9,0.04,5.9,0.05,49.9,0.55
1639156992,244,0.04,5.8,0.05,49.9,0.54
1639156992,244,0.04,5.7,0.05,49.9,0.53
1639157120,243.8,0.04,5.7,0.05,49.9,0.53
1639157120,243.9,0.04,5.5,0.05,49.9,0.51
1639157120,0,0,0,0,0,0
1639157120,0,0,0,0,0,0
1639157120,0,0,0,0,0,0
1639157120,0,0,0,0,0,0
1639157120,0,0,0,0,0,0
1639157120,0,0,0,0,0,0
1639157248,0,0,0,0,0,0
1639157248,0,0,0,0,0,0
1639157248,0,0,0,0,0,0
1639157248,0,0,0,0,0,0
1639157248,0,0,0,0,0,0
1639157248,0,0,0,0,0,0
1639157248,0,0,0,0,0,0
1639157248,142.9,0.05,9.9,0.05,49.9,1
1639157248,243.6,0.05,6.4,0.05,49.9,0.57
1639157248,243.7,0.04,5.8,0.05,49.9,0.54
1639157248,243.7,0.04,5.7,0.05,49.9,0.53
1639157248,243.7,0.04,5.6,0.05,49.9,0.52
1639157248,243.7,0.04,5.6,0.05,49.9,0.52
1639157248,243.7,0.04,5.5,0.05,49.9,0.51
1639157248,243.7,0.04,5.5,0.05,49.9,0.51
1639157248,243.6,0.04,5.5,0.05,49.9,0.51
1639157248,243.6,0.04,5.5,0.05,49.9,0.51
1639157376,243.7,0.04,5.4,0.05,49.9,0.5
1639157376,243.7,0.04,5.4,0.05,49.9,0.5
1639157376,243.7,0.04,5.3,0.05,49.9,0.49
1639157376,243.7,0.04,5.3,0.05,49.9,0.51
1639157376,243.7,0.04,5.3,0.05,49.9,0.51
1639157376,243.7,0.04,5.2,0.05,49.9,0.5
1639157376,243.8,0.04,5.2,0.05,49.9,0.5
1639157376,243.8,0.04,5.2,0.05,49.9,0.5
1639157376,243.7,0.04,5.1,0.05,49.9,0.49
1639157376,243.6,0.04,5.2,0.05,49.9,0.5
1639157376,243.7,0.04,5.2,0.05,49.9,0.5
1639157376,243.7,0.04,5.2,0.05,49.9,0.5
1639157376,243.7,0.04,5.1,0.05,49.9,0.49
1639157376,243.7,0.04,5.2,0.05,49.9,0.5
1639157376,243.6,0.04,5.1,0.05,49.9,0.49
1639157376,243.6,0.04,5.1,0.05,49.9,0.49
1639157376,243.5,0.04,5.1,0.05,49.9,0.49
1639157376,243.6,0.04,5,0.05,49.9,0.48
1639157504,243.5,0.04,5,0.05,49.9,0.48
1639157504,243.6,0.04,4.9,0.05,49.9,0.47
1639157504,243.4,0.04,4.9,0.05,49.9,0.48
1639157504,243.4,0.04,4.9,0.05,49.9,0.47
1639157504,243.3,0.04,4.9,0.05,49.9,0.47
1639157504,243.5,0.04,4.9,0.05,49.9,0.48
1639162112,0,0,0,0,0,0
1639162112,0,0,0,0,0,0
1639162112,0,0,0,0,0,0
1639162112,0,0,0,0,0,0
1639162112,0,0,0,0,0,0
1639162240,0,0,0,0,0,0
1639162240,0,0,0,0,0,0
1639162240,0,0,0,0,0,0
1639162240,0,0,0,0,0,0
1639162240,0,0,0,0,0,0
1639162240,0,0,0,0,0,0
1639162240,0,0,0,0,0,0
1639162240,0,0,0,0,0,0
1639162240,0,0,0,0,0,0
1639162240,0,0,0,0,0,0
1639162240,0,0,0,0,0,0
1639162240,0,0,0,0,0,0
1639162368,0,0,0,0,0,0
1639162368,0,0,0,0,0,0
1639162368,0,0,0,0,0,0
1639162368,0,0,0,0,0,0
1639162368,0,0,0,0,0,0
1639162368,0,0,0,0,0,0
1639162368,0,0,0,0,0,0
1639162368,0,0,0,0,0,0
1639162368,0,0,0,0,0,0
1639162368,0,0,0,0,0,0
1639162368,0,0,0,0,0,0
1639162368,0,0,0,0,0,0
1639162368,0,0,0,0,0,0
1639162368,0,0,0,0,0,0
1639162368,0,0,0,0,0,0
1639162368,0,0,0,0,0,0
1639162496,0,0,0,0,0,0
1639162496,0,0,0,0,0,0
1639162496,0,0,0,0,0,0
1639162496,0,0,0,0,0,0
1639162496,0,0,0,0,0,0
1639162496,0,0,0,0,0,0
1639162496,0,0,0,0,0,0
1639162496,0,0,0,0,0,0
1639162496,0,0,0,0,0,0
1639162496,0,0,0,0,0,0
1639162496,0,0,0,0,0,0
1639162624,0,0,0,0,0,0
1639162624,0,0,0,0,0,0
1639162624,0,0,0,0,0,0
1639162624,0,0,0,0,0,0
1639162624,0,0,0,0,0,0
1639162624,0,0,0,0,0,0
1639162624,0,0,0,0,0,0
1639162624,0,0,0,0,0,0
1639162624,0,0,0,0,0,0
1639162624,0,0,0,0,0,0
1639162624,0,0,0,0,0,0
1639162624,0,0,0,0,0,0
1639162624,0,0,0,0,0,0
1639162624,0,0,0,0,0,0
1639162624,0,0,0,0,0,0
1639162624,0,0,0,0,0,0
1639162752,0,0,0,0,0,0
1639162752,0,0,0,0,0,0
1639162752,0,0,0,0,0,0
1639162752,0,0,0,0,0,0
1639162752,0,0,0,0,0,0
1639162752,0,0,0,0,0,0
1639162752,0,0,0,0,0,0
1639162752,0,0,0,0,0,0
1639162752,0,0,0,0,0,0
1639162752,0,0,0,0,0,0
1639162752,0,0,0,0,0,0
1639162752,0,0,0,0,0,0
1639162752,0,0,0,0,0,0
1639162752,0,0,0,0,0,0
1639162752,0,0,0,0,0,0
1639162752,0,0,0,0,0,0
1639162752,0,0,0,0,0,0
1639162752,0,0,0,0,0,0
1639162752,0,0,0,0,0,0
1639162752,0,0,0,0,0,0
1639162880,0,0,0,0,0,0
1639162880,0,0,0,0,0,0
1639162880,0,0,0,0,0,0
1639162880,0,0,0,0,0,0
1639162880,0,0,0,0,0,0
1639162880,0,0,0,0,0,0
1639162880,0,0,0,0,0,0
1639162880,0,0,0,0,0,0
1639162880,0,0,0,0,0,0
1639162880,0,0,0,0,0,0
1639162880,0,0,0,0,0,0
1639162880,0,0,0,0,0,0
1639162880,0,0,0,0,0,0
1639162880,0,0,0,0,0,0
1639162880,0,0,0,0,0,0
1639162880,0,0,0,0,0,0
1639162880,0,0,0,0,0,0
1639163008,0,0,0,0,0,0
1639163008,0,0,0,0,0,0
1639163008,0,0,0,0,0,0
1639163008,0,0,0,0,0,0
1639163008,0,0,0,0,0,0
1639163008,0,0,0,0,0,0
1639163008,0,0,0,0,0,0
1639163008,0,0,0,0,0,0
1639163008,0,0,0,0,0,0
1639163008,0,0,0,0,0,0
1639163008,0,0,0,0,0,0
1639163008,0,0,0,0,0,0
1639163008,0,0,0,0,0,0
1639163008,0,0,0,0,0,0
1639163136,0,0,0,0,0,0
1639163136,0,0,0,0,0,0
1639163136,0,0,0,0,0,0
1639163136,0,0,0,0,0,0
1639163136,0,0,0,0,0,0
1639163136,0,0,0,0,0,0
1639163136,0,0,0,0,0,0
1639163136,0,0,0,0,0,0
1639163136,0,0,0,0,0,0
1639163136,0,0,0,0,0,0
1639163136,0,0,0,0,0,0
1639163136,0,0,0,0,0,0
1639163136,0,0,0,0,0,0
1639163136,0,0,0,0,0,0
1639163136,0,0,0,0,0,0
1639163136,0,0,0,0,0,0
1639163136,0,0,0,0,0,0
1639163136,0,0,0,0,0,0
1639163136,0,0,0,0,0,0
1639163136,0,0,0,0,0,0
1639163136,0,0,0,0,0,0
1639163136,0,0,0,0,0,0
1639163136,0,0,0,0,0,0
1639163264,0,0,0,0,0,0
1639163264,0,0,0,0,0,0
1639163264,0,0,0,0,0,0
1639163264,0,0,0,0,0,0
1639163264,0,0,0,0,0,0
1639163264,0,0,0,0,0,0
1639163264,0,0,0,0,0,0
1639163264,0,0,0,0,0,0
1639163264,0,0,0,0,0,0
1639163264,0,0,0,0,0,0
1639163264,0,0,0,0,0,0
1639163264,0,0,0,0,0,0
1639163264,0,0,0,0,0,0
1639163264,0,0,0,0,0,0
1639163264,0,0,0,0,0,0
1639163264,0,0,0,0,0,0
1639163264,0,0,0,0,0,0
1639163264,0,0,0,0,0,0
1639163264,0,0,0,0,0,0
1639163264,0,0,0,0,0,0
1639163264,0,0,0,0,0,0
1639163392,0,0,0,0,0,0
1639163392,0,0,0,0,0,0
1639163392,0,0,0,0,0,0
1639163392,0,0,0,0,0,0
1639163392,0,0,0,0,0,0
1639163392,0,0,0,0,0,0
1639163392,0,0,0,0,0,0
1639163392,0,0,0,0,0,0
1639163392,0,0,0,0,0,0
1639163392,0,0,0,0,0,0
1639163392,0,0,0,0,0,0
1639163392,0,0,0,0,0,0
1639163392,0,0,0,0,0,0
1639163392,0,0,0,0,0,0
1639163392,0,0,0,0,0,0
1639163392,242.2,0.04,0.5,0.05,49.9,0.06
1639163392,242.3,0.04,0.5,0.05,50,0.06
1639163392,242.2,0.04,0.5,0.05,50,0.06
1639163392,242,0.05,5.5,0.05,50,0.46
1639163392,111.9,0.06,11.4,0.05,49.9,1
1639163520,241.9,0.05,8.5,0.05,49.9,0.69
1639163520,242,0.05,8,0.05,49.9,0.66
1639163520,242.1,0.05,7.8,0.05,49.9,0.66
1639163520,241.9,0.05,7.7,0.05,49.9,0.65
1639163520,241.9,0.05,7.5,0.05,49.9,0.65
1639163520,241.8,0.05,7.3,0.05,49.9,0.63
1639163520,241.9,0.05,7.3,0.05,49.9,0.63
1639163520,241.9,0.05,7.1,0.05,49.9,0.61
1639163520,242.1,0.05,7,0.05,50,0.62
1639163520,242,0.05,6.9,0.05,50,0.61
1639163520,241.8,0.05,6.9,0.05,50,0.61
1639163520,241.7,0.05,6.8,0.05,49.9,0.6
1639163520,241.6,0.05,6.7,0.05,50,0.59
1639163520,241.6,0.05,6.7,0.05,50,0.6
1639163520,241.6,0.05,6.6,0.05,49.9,0.59
1639163520,241.6,0.05,6.5,0.05,50,0.58
1639163520,241.7,0.05,6.5,0.05,49.9,0.58
1639163520,241.7,0.05,6.4,0.05,49.9,0.58
1639163520,241.8,0.05,6.4,0.05,50,0.58
1639163520,241.7,0.05,6.4,0.05,50,0.58
1639163520,241.7,0.05,6.3,0.05,49.9,0.57
1639163520,241.6,0.05,6.3,0.05,49.9,0.58
1639163520,241.7,0.05,6.2,0.05,49.9,0.57
1639163520,241.7,0.05,6.2,0.05,49.9,0.57
1639163520,241.6,0.05,6.1,0.05,49.9,0.56
1639163648,241.6,0.05,6,0.05,49.9,0.55
1639163648,241.6,0.05,6,0.05,49.9,0.55
1639163648,241.6,0.05,6,0.05,49.9,0.55
1639163648,241.6,0.04,5.9,0.05,49.9,0.56
1639163648,241.5,0.04,5.9,0.05,49.9,0.56
1639163648,241.3,0.04,5.7,0.05,49.9,0.54
1639163648,241.4,0.04,5.7,0.05,49.9,0.54
1639163648,241.3,0.04,5.7,0.05,49.9,0.54
1639163648,241.3,0.04,5.7,0.05,49.9,0.54
1639163648,241.4,0.04,5.7,0.05,49.9,0.54
1639163648,241.5,0.04,5.6,0.05,49.9,0.54
1639163648,241.4,0.04,5.6,0.05,49.9,0.53
1639163648,241.4,0.04,5.6,0.05,49.9,0.53
1639163648,241.4,0.04,5.6,0.05,49.9,0.53
1639163776,241.5,0.04,5.5,0.05,49.9,0.52
1639163776,241.6,0.04,5.5,0.05,49.9,0.53
1639163776,241.7,0.04,5.6,0.05,49.9,0.54
1639163776,241.6,0.04,5.5,0.05,49.9,0.53
1639163776,241.5,0.04,5.5,0.05,49.9,0.53
1639163776,241.3,0.04,5.5,0.05,49.9,0.53
1639163776,241.2,0.04,5.5,0.05,49.9,0.53
1639163776,241.2,0.04,5.5,0.05,49.9,0.53
1639163776,241.1,0.04,5.4,0.05,49.9,0.52
1639163776,241.1,0.04,5.5,0.05,49.9,0.53
1639163776,241.3,0.04,5.4,0.05,49.9,0.52
1639163776,241.1,0.04,5.4,0.05,49.9,0.52
1639163776,241.2,0.04,5.4,0.05,49.9,0.52
1639163776,241.2,0.04,5.4,0.05,49.9,0.52
1639163776,241.4,0.04,5.4,0.05,49.9,0.52
1639163776,241.2,0.04,5.4,0.05,49.9,0.52
1639163776,241.2,0.04,5.4,0.05,49.9,0.52
1639163776,241.2,0.04,5.4,0.05,49.9,0.52
1639163776,241.2,0.04,5.4,0.05,49.9,0.52
1639163776,241.3,0.04,5.4,0.05,49.9,0.52
1639163776,241.3,0.04,5.3,0.05,49.9,0.51
1639163904,241.3,0.04,5.3,0.05,49.9,0.51
1639163904,241.3,0.04,5.3,0.05,49.9,0.51
1639163904,241.3,0.04,5.3,0.05,49.9,0.51
1639163904,241.3,0.04,5.4,0.05,49.9,0.52
1639163904,241.5,0.04,5.3,0.05,49.9,0.51
1639163904,0,0,0,0,0,0
1639163904,241.7,0.04,5.3,0.05,49.9,0.51
1639163904,241.4,0.04,5.3,0.05,49.9,0.51
1639163904,241.5,0.04,5.3,0.05,49.9,0.51
1639163904,241.4,0.04,5.3,0.05,49.9,0.51
1639163904,241.4,0.04,5.2,0.05,49.9,0.5
1639163904,241.5,0.04,5.3,0.05,49.9,0.51
1639163904,241.4,0.04,5.2,0.05,49.9,0.5
1639163904,241.4,0.04,5.3,0.05,49.9,0.51
1639163904,241.4,0.04,5.3,0.05,49.9,0.51
1639163904,241.3,0.04,5.3,0.05,49.9,0.51
1639163904,241.4,0.04,5.3,0.05,49.9,0.51
1639163904,241.4,0.04,5.3,0.05,49.9,0.51
1639163904,241.4,0.04,5.3,0.05,49.9,0.51
1639164032,241.5,0.04,5.3,0.05,49.9,0.51
1639164032,241.5,0.04,5.2,0.05,49.9,0.5
1639164032,241.6,0.04,5.2,0.05,49.9,0.5
1639164032,241.7,0.04,5.2,0.05,50,0.5
1639164032,241.6,0.04,5.2,0.05,49.9,0.5
1639164032,241.6,0.04,5.2,0.05,50,0.5
1639164032,241.5,0.04,5.2,0.05,49.9,0.5
1639164032,241.6,0.04,5.2,0.05,49.9,0.5
1639164032,241.5,0.04,5.2,0.05,49.9,0.5
1639164032,241.4,0.04,5.2,0.05,49.9,0.5
1639164032,241.5,0.04,5.2,0.05,49.9,0.5
1639164032,241.6,0.04,5.2,0.05,49.9,0.5
1639164032,241.6,0.04,5.2,0.05,49.9,0.5
1639164032,241.5,0.04,5.2,0.05,49.9,0.5
1639164160,241.6,0.04,5.2,0.05,49.9,0.5
1639164160,241.6,0.04,5.1,0.05,49.9,0.49
1639164160,241.6,0.04,5.2,0.05,49.9,0.5
1639164160,241.6,0.04,5.2,0.05,49.9,0.5
1639164160,241.7,0.04,5.1,0.05,49.9,0.49
1639164160,241.7,0.04,5.2,0.05,50,0.5
1639164160,241.8,0.04,5.1,0.05,49.9,0.5
1639164160,241.9,0.04,5.1,0.05,49.9,0.5
1639164160,241.8,0.04,5.1,0.05,49.9,0.49
1639164160,241.9,0.04,5.2,0.05,49.9,0.5
1639164160,242,0.04,5.2,0.05,50,0.5
1639164160,241.9,0.04,5.1,0.05,49.9,0.5
1639164160,241.8,0.04,5.1,0.05,49.9,0.5
1639164160,241.8,0.04,5.1,0.05,49.9,0.49
1639164160,241.8,0.04,5.2,0.05,49.9,0.5
1639164160,241.8,0.04,5.2,0.05,49.9,0.5
1639164160,241.8,0.04,5.2,0.05,49.9,0.5
1639164160,242,0.04,5.2,0.05,50,0.5
1639164160,242,0.04,5.2,0.05,49.9,0.5
1639164160,241.9,0.04,5.2,0.05,49.9,0.51
1639164160,241.9,0.04,5.1,0.05,49.9,0.5
1639164160,241.6,0.04,5.1,0.05,49.9,0.5
1639164160,241.8,0.04,5.2,0.05,49.9,0.5
1639164288,241.7,0.04,5.1,0.05,49.9,0.49
1639164288,241.7,0.04,5.1,0.05,49.9,0.5
1639164288,241.7,0.04,5.2,0.05,49.9,0.5
1639164288,241.7,0.04,5.1,0.05,49.9,0.49
1639164288,241.7,0.04,5.1,0.05,49.9,0.5
1639164288,241.7,0.04,5.1,0.05,49.9,0.5
1639164288,241.7,0.04,5.1,0.05,49.9,0.5
1639164288,241.5,0.04,5.2,0.05,49.9,0.5
1639164288,241.5,0.04,5.1,0.05,49.9,0.5
1639164288,241.5,0.04,5.1,0.05,49.9,0.5
1639164288,241.5,0.04,5.2,0.05,49.9,0.5
1639164288,241.5,0.04,5.2,0.05,49.9,0.5
1639164288,241.7,0.04,5.2,0.05,49.9,0.5
1639164288,241.6,0.04,5.2,0.05,49.9,0.5
1639164288,241.6,0.04,5.2,0.05,49.9,0.5
1639164288,241.6,0.04,5.2,0.05,49.9,0.5
1639164288,241.6,0.04,5.2,0.05,49.9,0.5
1639164288,241.7,0.04,5.2,0.05,49.9,0.5
1639164288,241.7,0.04,5.1,0.05,49.9,0.49
1639164288,241.6,0.04,5.2,0.05,49.9,0.5
1639164288,241.8,0.04,5.2,0.05,49.9,0.5
1639164416,241.8,0.04,5.2,0.05,49.9,0.51
1639164416,241.7,0.04,5.2,0.05,49.9,0.5
1639164416,241.7,0.04,5.1,0.05,49.9,0.5
1639164416,241.8,0.04,5.2,0.05,49.9,0.5
1639164416,241.8,0.04,5.1,0.05,49.9,0.5
1639164416,241.5,0.04,5.1,0.05,49.9,0.49
1639164416,241.4,0.04,5.2,0.05,49.9,0.51
1639164416,241.5,0.04,5.1,0.05,49.9,0.49
1639164416,241.6,0.04,5.1,0.05,49.9,0.49
1639164416,241.6,0.04,5.1,0.05,49.9,0.49
1639164416,241.5,0.04,5.1,0.05,49.9,0.5
1639164416,241.4,0.04,5.2,0.05,49.9,0.5
1639164416,241.6,0.04,5.1,0.05,49.9,0.5
1639164416,241.5,0.04,5.2,0.05,49.9,0.5
1639164416,241.6,0.04,5.1,0.05,49.9,0.49
1639164416,241.7,0.04,5.1,0.05,49.9,0.49
1639164416,241.5,0.04,5.1,0.05,49.9,0.5
1639164416,241.6,0.04,5.1,0.05,49.9,0.49
1639164416,241.6,0.04,5.2,0.05,49.9,0.5
1639164416,241.7,0.04,5.2,0.05,49.9,0.5
1639164416,241.7,0.04,5.1,0.05,49.9,0.49
1639164416,241.7,0.04,5.1,0.05,49.9,0.5
1639164544,241.7,0.04,5.1,0.05,49.9,0.49
1639164544,241.7,0.04,5.2,0.05,49.9,0.5
1639164544,241.6,0.04,5.1,0.05,49.9,0.49
1639164544,241.5,0.04,5.1,0.05,49.9,0.5
1639164544,241.5,0.04,5.2,0.05,49.9,0.51
1639164544,241.7,0.04,5.1,0.05,49.9,0.49
1639164544,241.5,0.04,5.1,0.05,49.9,0.5
1639164544,241.6,0.04,5.1,0.05,49.9,0.49
1639164544,241.5,0.04,5.1,0.05,49.9,0.49
1639164544,241.6,0.04,5.1,0.05,49.9,0.5
1639164544,241.5,0.04,5.1,0.05,49.9,0.49
1639164544,241.5,0.04,5.1,0.05,49.9,0.49
1639164544,241.5,0.04,5.1,0.05,49.9,0.5
1639164544,241.7,0.04,5.1,0.05,49.9,0.49
1639164544,241.6,0.04,5.2,0.05,49.9,0.51
1639164544,241.6,0.04,5.1,0.05,49.9,0.5
1639164544,241.7,0.04,5.1,0.05,49.9,0.49
1639164544,241.6,0.04,5.1,0.05,49.9,0.5
1639164544,241.5,0.04,5.1,0.05,49.9,0.5
1639164544,241.6,0.04,5.1,0.05,49.9,0.5
1639164672,241.7,0.04,5.1,0.05,49.9,0.49
1639164672,241.9,0.04,5.1,0.05,49.9,0.5
1639164672,241.9,0.04,5.1,0.05,49.9,0.5
1639164672,241.9,0.04,5,0.05,49.9,0.49
1639164672,241.9,0.04,5.1,0.05,49.9,0.5
1639164672,0,0,0,0,0,0
1639164672,0,0,0,0,0,0
1639164672,0,0,0,0,0,0
1639164672,0,0,0,0,0,0
1639164672,0,0,0,0,0,0
1639164672,0,0,0,0,0,0
1639164672,0,0,0,0,0,0
1639164672,0,0,0,0,0,0
1639164672,0,0,0,0,0,0
1639164672,0,0,0,0,0,0
1639164672,0,0,0,0,0,0
1639164672,0,0,0,0,0,0
1639164672,0,0,0,0,0,0
1639164672,0,0,0,0,0,0
1639164672,0,0,0,0,0,0
1639164800,0,0,0,0,0,0
1639164800,0,0,0,0,0,0
1639164800,0,0,0,0,0,0
1639164800,0,0,0,0,0,0
1639164800,0,0,0,0,0,0
1639164800,0,0,0,0,0,0
1639164800,0,0,0,0,0,0
1639164800,0,0,0,0,0,0
1639164800,0,0,0,0,0,0
1639164800,0,0,0,0,0,0
1639164800,0,0,0,0,0,0
1639164800,0,0,0,0,0,0
1639164800,0,0,0,0,0,0
1639164800,0,0,0,0,0,0
1639164800,0,0,0,0,0,0
1639164800,0,0,0,0,0,0
1639164800,0,0,0,0,0,0
1639164800,0,0,0,0,0,0
1639164800,0,0,0,0,0,0
1639164800,0,0,0,0,0,0
1639164928,0,0,0,0,0,0
1639164928,0,0,0,0,0,0
1639164928,0,0,0,0,0,0
1639164928,0,0,0,0,0,0
1639164928,0,0,0,0,0,0
1639164928,0,0,0,0,0,0
1639164928,0,0,0,0,0,0
1639164928,0,0,0,0,0,0
1639164928,0,0,0,0,0,0
1639164928,0,0,0,0,0,0
1639164928,0,0,0,0,0,0
1639164928,0,0,0,0,0,0
1639164928,0,0,0,0,0,0
1639164928,0,0,0,0,0,0
1639165056,0,0,0,0,0,0
1639165056,0,0,0,0,0,0
1639165056,0,0,0,0,0,0
1639165056,0,0,0,0,0,0
1639165056,0,0,0,0,0,0
1639165056,0,0,0,0,0,0
1639165056,0,0,0,0,0,0
1639165056,0,0,0,0,0,0
1639165056,0,0,0,0,0,0
1639165056,0,0,0,0,0,0
1639165056,0,0,0,0,0,0
1639165056,0,0,0,0,0,0
1639165056,0,0,0,0,0,0
1639165056,0,0,0,0,0,0
1639165056,0,0,0,0,0,0
1639165056,0,0,0,0,0,0
1639165056,0,0,0,0,0,0
1639165056,0,0,0,0,0,0
1639165056,0,0,0,0,0,0
1639165056,0,0,0,0,0,0
1639165184,0,0,0,0,0,0
1639165184,0,0,0,0,0,0
1639165184,0,0,0,0,0,0
1639165184,0,0,0,0,0,0
1639165184,0,0,0,0,0,0
1639165184,0,0,0,0,0,0
1639165184,0,0,0,0,0,0
1639165184,0,0,0,0,0,0
1639165184,0,0,0,0,0,0
1639165184,0,0,0,0,0,0
1639165184,0,0,0,0,0,0
1639165184,0,0,0,0,0,0
1639165184,0,0,0,0,0,0
1639165184,0,0,0,0,0,0
1639165184,0,0,0,0,0,0
1639165184,0,0,0,0,0,0
1639165184,0,0,0,0,0,0
1639165184,0,0,0,0,0,0
1639165312,0,0,0,0,0,0
1639165312,0,0,0,0,0,0
1639165312,0,0,0,0,0,0
1639165312,0,0,0,0,0,0
1639165312,0,0,0,0,0,0
1639165312,0,0,0,0,0,0
1639165312,0,0,0,0,0,0
1639165312,0,0,0,0,0,0
1639165312,0,0,0,0,0,0
1639165312,0,0,0,0,0,0
1639165312,0,0,0,0,0,0
1639165312,0,0,0,0,0,0
1639165312,0,0,0,0,0,0
1639165312,0,0,0,0,0,0
1639165312,0,0,0,0,0,0
1639165312,0,0,0,0,0,0
1639165312,0,0,0,0,0,0
1639165312,0,0,0,0,0,0
1639165312,0,0,0,0,0,0
1639165440,0,0,0,0,0,0
1639165440,0,0,0,0,0,0
1639165440,0,0,0,0,0,0
1639165440,0,0,0,0,0,0
1639165440,0,0,0,0,0,0
1639165440,0,0,0,0,0,0
1639165440,0,0,0,0,0,0
1639165440,0,0,0,0,0,0
1639165440,0,0,0,0,0,0
1639165440,0,0,0,0,0,0
1639165440,0,0,0,0,0,0
1639165440,0,0,0,0,0,0
1639165440,0,0,0,0,0,0
1639165440,0,0,0,0,0,0
1639165440,0,0,0,0,0,0
1639165440,0,0,0,0,0,0
1639165440,0,0,0,0,0,0
1639165440,0,0,0,0,0,0
1639165440,0,0,0,0,0,0
1639165440,0,0,0,0,0,0
1639165568,0,0,0,0,0,0
1639165568,0,0,0,0,0,0
1639165568,0,0,0,0,0,0
1639165568,0,0,0,0,0,0
1639165568,0,0,0,0,0,0
1639165568,0,0,0,0,0,0
1639165568,0,0,0,0,0,0
1639165568,0,0,0,0,0,0
1639165568,0,0,0,0,0,0
1639165568,0,0,0,0,0,0
1639165568,0,0,0,0,0,0
1639165568,0,0,0,0,0,0
1639165568,0,0,0,0,0,0
1639165568,0,0,0,0,0,0
1639165568,0,0,0,0,0,0
1639165568,0,0,0,0,0,0
1639165568,0,0,0,0,0,0
1639165696,0,0,0,0,0,0
1639165696,0,0,0,0,0,0
1639165696,0,0,0,0,0,0
1639165696,0,0,0,0,0,0
1639165696,0,0,0,0,0,0
1639165696,0,0,0,0,0,0
1639165696,0,0,0,0,0,0
1639165696,0,0,0,0,0,0
1639165696,0,0,0,0,0,0
1639165696,0,0,0,0,0,0
1639165696,0,0,0,0,0,0
1639165696,0,0,0,0,0,0
1639165696,0,0,0,0,0,0
1639165696,0,0,0,0,0,0
1639165696,0,0,0,0,0,0
1639165696,0,0,0,0,0,0
1639165696,0,0,0,0,0,0
1639165696,0,0,0,0,0,0
1639165696,0,0,0,0,0,0
1639165696,0,0,0,0,0,0
1639165824,0,0,0,0,0,0
1639165824,0,0,0,0,0,0
1639165824,0,0,0,0,0,0
1639165824,0,0,0,0,0,0
1639165824,0,0,0,0,0,0
1639165824,0,0,0,0,0,0
1639165824,0,0,0,0,0,0
1639165824,0,0,0,0,0,0
1639165824,0,0,0,0,0,0
1639165824,0,0,0,0,0,0
1639165824,0,0,0,0,0,0
1639165824,0,0,0,0,0,0
1639165824,0,0,0,0,0,0
1639165824,0,0,0,0,0,0
1639165824,0,0,0,0,0,0
1639165824,0,0,0,0,0,0
1639165824,0,0,0,0,0,0
1639165824,0,0,0,0,0,0
1639165824,0,0,0,0,0,0
1639165824,0,0,0,0,0,0
1639165952,0,0,0,0,0,0
1639165952,0,0,0,0,0,0
1639165952,0,0,0,0,0,0
1639165952,0,0,0,0,0,0
1639165952,0,0,0,0,0,0
1639165952,0,0,0,0,0,0
1639165952,0,0,0,0,0,0
1639165952,0,0,0,0,0,0
1639165952,0,0,0,0,0,0
1639165952,0,0,0,0,0,0
1639165952,0,0,0,0,0,0
1639165952,0,0,0,0,0,0
1639165952,0,0,0,0,0,0
1639165952,0,0,0,0,0,0
1639165952,0,0,0,0,0,0
1639165952,0,0,0,0,0,0
1639165952,0,0,0,0,0,0
1639165952,0,0,0,0,0,0
1639165952,0,0,0,0,0,0
1639165952,0,0,0,0,0,0
1639166080,0,0,0,0,0,0
1639166080,0,0,0,0,0,0
1639166080,0,0,0,0,0,0
1639166080,0,0,0,0,0,0
1639166080,0,0,0,0,0,0
1639166080,0,0,0,0,0,0
1639166080,0,0,0,0,0,0
1639166080,0,0,0,0,0,0
1639166080,0,0,0,0,0,0
1639166080,0,0,0,0,0,0
1639166080,0,0,0,0,0,0
1639166080,0,0,0,0,0,0
1639166080,0,0,0,0,0,0
1639166080,0,0,0,0,0,0
1639166080,0,0,0,0,0,0
1639166080,0,0,0,0,0,0
1639166080,0,0,0,0,0,0
1639166080,0,0,0,0,0,0
1639166208,0,0,0,0,0,0
1639166208,0,0,0,0,0,0
1639166208,0,0,0,0,0,0
1639166208,0,0,0,0,0,0
1639166208,0,0,0,0,0,0
1639166208,0,0,0,0,0,0
1639166208,0,0,0,0,0,0
1639166208,0,0,0,0,0,0
1639166208,0,0,0,0,0,0
1639166208,0,0,0,0,0,0
1639166208,0,0,0,0,0,0
1639166208,0,0,0,0,0,0
1639166208,0,0,0,0,0,0
1639166208,0,0,0,0,0,0
1639166208,0,0,0,0,0,0
1639166208,0,0,0,0,0,0
1639166208,0,0,0,0,0,0
1639166208,0,0,0,0,0,0
1639166336,0,0,0,0,0,0
1639166336,0,0,0,0,0,0
1639166336,0,0,0,0,0,0
1639166336,0,0,0,0,0,0
1639166336,0,0,0,0,0,0
1639166336,0,0,0,0,0,0
1639166336,0,0,0,0,0,0
1639166336,0,0,0,0,0,0
1639166336,0,0,0,0,0,0
1639166336,0,0,0,0,0,0
1639166336,0,0,0,0,0,0
1639166336,0,0,0,0,0,0
1639166336,0,0,0,0,0,0
1639166336,0,0,0,0,0,0
1639166336,0,0,0,0,0,0
1639166336,0,0,0,0,0,0
1639166336,0,0,0,0,0,0
1639166336,0,0,0,0,0,0
1639166336,0,0,0,0,0,0
1639166464,0,0,0,0,0,0
1639166464,0,0,0,0,0,0
1639166464,0,0,0,0,0,0
1639166464,0,0,0,0,0,0
1639166464,0,0,0,0,0,0
1639166464,0,0,0,0,0,0
1639166464,0,0,0,0,0,0
1639166464,0,0,0,0,0,0
1639166464,0,0,0,0,0,0
1639166464,0,0,0,0,0,0
1639166464,0,0,0,0,0,0
1639166464,0,0,0,0,0,0
1639166464,0,0,0,0,0,0
1639166464,0,0,0,0,0,0
1639166464,0,0,0,0,0,0
1639166464,0,0,0,0,0,0
1639166464,0,0,0,0,0,0
1639166464,0,0,0,0,0,0
1639166464,0,0,0,0,0,0
1639166592,0,0,0,0,0,0
1639166592,0,0,0,0,0,0
1639166592,0,0,0,0,0,0
1639166592,0,0,0,0,0,0
1639166592,0,0,0,0,0,0
1639166592,0,0,0,0,0,0
1639166592,0,0,0,0,0,0
1639166592,0,0,0,0,0,0
1639166592,0,0,0,0,0,0
1639166592,0,0,0,0,0,0
1639166592,0,0,0,0,0,0
1639166592,0,0,0,0,0,0
1639166592,0,0,0,0,0,0
1639166592,0,0,0,0,0,0
1639166592,0,0,0,0,0,0
1639166592,0,0,0,0,0,0
1639166592,0,0,0,0,0,0
1639166592,0,0,0,0,0,0
1639166592,0,0,0,0,0,0
1639166592,0,0,0,0,0,0
1639166592,0,0,0,0,0,0
1639166592,0,0,0,0,0,0
1639166720,0,0,0,0,0,0
1639166720,0,0,0,0,0,0
1639166720,0,0,0,0,0,0
1639166720,0,0,0,0,0,0
1639166720,0,0,0,0,0,0
1639166848,0,0,0,0,0,0
1639166848,0,0,0,0,0,0
1639166848,0,0,0,0,0,0
1639166848,0,0,0,0,0,0
1639166976,0,0,0,0,0,0
1639166976,0,0,0,0,0,0
1639166976,0,0,0,0,0,0
1639166976,0,0,0,0,0,0
1639166976,0,0,0,0,0,0
1639166976,0,0,0,0,0,0
1639166976,0,0,0,0,0,0
1639166976,0,0,0,0,0,0
1639166976,0,0,0,0,0,0
1639166976,0,0,0,0,0,0
1639166976,0,0,0,0,0,0
1639166976,0,0,0,0,0,0
1639166976,0,0,0,0,0,0
1639166976,0,0,0,0,0,0
1639166976,0,0,0,0,0,0
1639166976,0,0,0,0,0,0
1639166976,0,0,0,0,0,0
1639166976,0,0,0,0,0,0
1639166976,0,0,0,0,0,0
1639166976,0,0,0,0,0,0
1639166976,0,0,0,0,0,0
1639166976,0,0,0,0,0,0
1639167104,0,0,0,0,0,0
1639167104,0,0,0,0,0,0
1639167104,0,0,0,0,0,0
1639167104,0,0,0,0,0,0
1639167104,0,0,0,0,0,0
1639167104,0,0,0,0,0,0
1639167104,0,0,0,0,0,0
1639167104,0,0,0,0,0,0
1639167104,0,0,0,0,0,0
1639167104,0,0,0,0,0,0
1639167104,0,0,0,0,0,0
1639167104,0,0,0,0,0,0
1639167104,0,0,0,0,0,0
1639167104,0,0,0,0,0,0
1639167104,0,0,0,0,0,0
1639167104,0,0,0,0,0,0
1639167104,0,0,0,0,0,0
1639167104,0,0,0,0,0,0
1639167104,0,0,0,0,0,0
1639167232,0,0,0,0,0,0
1639167232,0,0,0,0,0,0
1639167232,0,0,0,0,0,0
1639167232,0,0,0,0,0,0
1639167232,0,0,0,0,0,0
1639167232,0,0,0,0,0,0
1639167232,0,0,0,0,0,0
1639167232,0,0,0,0,0,0
1639167232,0,0,0,0,0,0
1639167232,0,0,0,0,0,0
1639167232,0,0,0,0,0,0
1639167232,0,0,0,0,0,0
1639167232,0,0,0,0,0,0
1639167232,0,0,0,0,0,0
1639167232,0,0,0,0,0,0
1639167232,0,0,0,0,0,0
1639167232,0,0,0,0,0,0
1639167232,0,0,0,0,0,0
1639167232,0,0,0,0,0,0
1639167232,0,0,0,0,0,0
1639167360,0,0,0,0,0,0
1639167360,0,0,0,0,0,0
1639167360,0,0,0,0,0,0
1639167360,0,0,0,0,0,0
1639167360,0,0,0,0,0,0
1639168256,0,0,0,0,0,0
1639168256,0,0,0,0,0,0
1639168256,243,0.04,0.5,0.05,50,0.06
1639168256,243,0.04,0.5,0.05,50,0.06
1639168256,242.9,0.04,0.5,0.05,50,0.06
1639168256,242.8,0.04,0.5,0.05,50,0.06
1639168256,242.1,0.07,0,0.05,50,0
1639168384,243.1,0.04,0.5,0.05,50,0.06
1639168384,243.1,0.04,0.5,0.05,50,0.06
1639168384,243,0.04,0.4,0.05,50,0.05
1639168384,242.8,0.04,0.5,0.05,50,0.06
1639168384,243,0.04,0.5,0.05,50,0.06
1639168384,242.9,0.04,0.5,0.05,50,0.06
1639168384,242.9,0.04,0.5,0.05,50,0.06
1639168384,242.8,0.04,0.5,0.05,50,0.06
1639168384,242.9,0.04,0.5,0.05,50,0.06
1639168384,242.9,0.04,0.5,0.05,50,0.06
1639168384,243,0.04,0.4,0.05,50,0.05
1639168384,243.1,0.04,0.5,0.05,50,0.06
1639168384,242.9,0.04,0.5,0.05,50,0.06
1639168384,243,0.04,0.4,0.05,50,0.05
1639168384,243.1,0.05,8.2,0.05,50,0.66
1639168384,243,0.05,8,0.05,50,0.66
1639168384,243,0.05,7.8,0.05,50,0.66
1639168384,243.1,0.05,7.6,0.05,50,0.64
1639168512,243.2,0.05,7.4,0.05,50,0.63
1639168512,243.1,0.05,7.3,0.05,50,0.63
1639168512,243.1,0.05,7.1,0.05,50,0.61
1639168512,242.9,0.05,7,0.05,50,0.61
1639168512,243,0.05,6.9,0.05,50,0.6
1639168512,243.1,0.05,6.9,0.05,50,0.6
1639168512,243.1,0.05,6.8,0.05,50,0.6
1639168512,243.1,0.05,6.7,0.05,50,0.59
1639168512,243.1,0.05,6.7,0.05,50,0.6
1639168512,243,0.05,6.6,0.05,50,0.59
1639168512,242.9,0.05,6.5,0.05,50,0.58
1639168512,0,0,0,0,0,0
1639168512,0,0,0,0,0,0
1639168512,242.7,0.05,7.2,0.05,50,0.62
1639168512,0,0,0,0,0,0
1639168512,0,0,0,0,0,0
1639168512,0,0,0,0,0,0
1639168512,0,0,0,0,0,0
1639168512,0,0,0,0,0,0
1639168512,0,0,0,0,0,0
1639168512,0,0,0,0,0,0
1639168640,0,0,0,0,0,0
1639168640,242.6,0.05,7.2,0.05,50,0.62
1639168640,0,0,0,0,0,0
1639168640,0,0,0,0,0,0
1639168640,242.5,0.05,6.4,0.05,50,0.57
1639168640,0,0,0,0,0,0
1639168640,242.6,0.05,6.1,0.05,49.9,0.56
1639168640,242.6,0.05,6,0.05,49.9,0.55
1639168640,242.7,0.05,6,0.05,49.9,0.55
1639168768,242.7,0.04,5.8,0.05,50,0.54
1639168768,242.7,0.04,5.8,0.05,49.9,0.54
1639168768,242.6,0.04,5.8,0.05,49.9,0.54
1639168768,242.7,0.04,5.8,0.05,49.9,0.54
1639168768,242.6,0.04,5.7,0.05,49.9,0.53
1639168768,242.5,0.04,5.7,0.05,49.9,0.53
1639168768,242.7,0.04,5.7,0.05,49.9,0.53
1639168768,242.6,0.12,25.6,0.05,50,0.91
1639168768,242.8,0.06,11.4,0.05,49.9,0.77
1639168768,242.8,0.06,10.8,0.05,49.9,0.75
1639168768,242.8,0.06,10.4,0.05,49.9,0.74
1639168768,242.6,0.06,10,0.05,49.9,0.74
1639168768,242.7,0.06,9.8,0.05,49.9,0.72
1639168768,242.6,0.05,9.7,0.05,49.9,0.73
1639168768,242.6,0.05,9.6,0.05,49.9,0.72
1639168768,242.6,0.05,9.3,0.05,49.9,0.71
1639168768,242.6,0.05,9.3,0.05,49.9,0.71
1639168768,242.6,0.05,9.2,0.05,49.9,0.7
1639168768,242.6,0.04,4.9,0.05,49.9,0.48
1639168768,242.7,0.04,4.8,0.05,49.9,0.47
1639168768,0,0,0,0,0,0
1639168896,0,0,0,0,0,0
1639168896,0,0,0,0,0,0
1639168896,0,0,0,0,0,0
1639168896,0,0,0,0,0,0
1639168896,0,0,0,0,0,0
1639168896,0,0,0,0,0,0
1639169024,0,0,0,0,0,0
1639169024,0,0,0,0,0,0
1639169024,0,0,0,0,0,0
1639169024,0,0,0,0,0,0
1639169024,0,0,0,0,0,0
1639169024,0,0,0,0,0,0
1639169024,0,0,0,0,0,0
1639169024,0,0,0,0,0,0
1639169024,0,0,0,0,0,0
1639169024,0,0,0,0,0,0
1639169024,0,0,0,0,0,0
1639169024,0,0,0,0,0,0
1639169024,0,0,0,0,0,0
1639169024,0,0,0,0,0,0
1639169024,0,0,0,0,0,0
1639169024,0,0,0,0,0,0
1639169024,0,0,0,0,0,0
1639169024,0,0,0,0,0,0
1639169024,0,0,0,0,0,0
1639169024,0,0,0,0,0,0
1639169024,0,0,0,0,0,0
1639169152,0,0,0,0,0,0
1639169152,0,0,0,0,0,0
1639169152,0,0,0,0,0,0
1639169152,0,0,0,0,0,0
1639169152,0,0,0,0,0,0
1639169152,0,0,0,0,0,0
1639169152,0,0,0,0,0,0
1639169152,0,0,0,0,0,0
1639169152,0,0,0,0,0,0
1639169152,242.8,0.04,2.5,0.05,50,0.26
1639169280,242.8,0.04,0.5,0.05,49.9,0.06
1639169280,242.8,0.04,0.5,0.05,49.9,0.06
1639169280,242.8,0.04,0.5,0.05,49.9,0.06
1639169280,242.8,0.04,0.5,0.05,49.9,0.06
1639169280,243,0.04,0.4,0.05,49.9,0.05
1639169280,243,0.04,0.5,0.05,49.9,0.06
1639169280,243,0.04,0.4,0.05,49.9,0.05
1639169280,242.8,0.04,0.5,0.05,49.9,0.06
1639169280,242.7,0.04,0.5,0.05,49.9,0.06
1639169280,242.5,0.08,15.4,0.05,49.9,0.79
1639169280,242.6,0.04,0.5,0.05,49.9,0.06
1639169280,0,0,0,0,0,0
1639169536,0,0,0,0,0,0
1639169536,0,0,0,0,0,0
1639169536,0,0,0,0,0,0
1639169536,0,0,0,0,0,0
1639169664,0,0,0,0,0,0
1639169664,0,0,0,0,0,0
1639169664,0,0,0,0,0,0
1639169664,0,0,0,0,0,0
1639169664,0,0,0,0,0,0
1639169664,0,0,0,0,0,0
1639169664,0,0,0,0,0,0
1639169920,0,0,0,0,0,0
1639169920,0,0,0,0,0,0
1639169920,0,0,0,0,0,0
1639170048,0,0,0,0,0,0
1639170048,0,0,0,0,0,0
1639170048,0,0,0,0,0,0
1639170048,242.5,0.1,20.9,0.05,49.9,0.9
1639170048,242.7,0.05,8.1,0.05,49.9,0.67
1639170048,242.7,0.05,7.8,0.05,49.9,0.66
1639170048,242.8,0.05,7.5,0.05,49.9,0.63
1639170048,242.8,0.05,7.3,0.05,49.9,0.63
1639170048,242.8,0.05,6.9,0.05,49.9,0.6
1639170048,242.7,0.05,6.8,0.05,49.9,0.6
1639170048,242.8,0.05,6.7,0.05,49.9,0.59
1639170048,242.6,0.05,6.7,0.05,49.9,0.6
1639170048,242.7,0.06,11.9,0.05,49.9,0.78
1639170048,242.7,0.06,11.6,0.05,49.9,0.78
1639170048,242.6,0.06,11.3,0.05,49.8,0.76
1639170176,242.7,0.06,11.1,0.05,49.9,0.76
1639170176,242.8,0.06,10.9,0.05,49.9,0.76
1639170176,242.8,0.06,10.7,0.05,49.9,0.76
1639170176,242.7,0.06,10.4,0.05,49.9,0.74
1639170176,242.7,0.06,10.3,0.05,49.9,0.74
1639170176,242.8,0.06,10.2,0.05,49.9,0.74
1639170176,242.9,0.06,10,0.05,49.9,0.74
1639170176,242.8,0.06,9.9,0.05,49.9,0.73
1639170176,242.6,0.05,9.7,0.05,49.9,0.73
1639170176,242.6,0.05,9.6,0.05,49.9,0.72
1639170176,242.6,0.05,9.5,0.05,49.9,0.71
1639170176,242.5,0.05,9.4,0.05,49.8,0.72
1639170176,242.5,0.05,9.2,0.05,49.9,0.7
1639170176,242.6,0.04,5,0.05,49.9,0.49
1639170176,242.7,0.04,4.9,0.05,49.9,0.48
1639170176,242.6,0.04,5,0.05,49.9,0.49
1639170176,242.6,0.04,5,0.05,49.8,0.49
1639170304,0,0,0,0,0,0
1639170304,0,0,0,0,0,0
1639170304,0,0,0,0,0,0
1639170304,0,0,0,0,0,0
1639170304,0,0,0,0,0,0
1639170304,0,0,0,0,0,0
1639170304,0,0,0,0,0,0
1639170304,0,0,0,0,0,0
1639170304,0,0,0,0,0,0
1639173248,0,0,0,0,0,0
1639173248,243.1,0.05,9.2,0.05,49.9,0.71
1639173248,243,0.05,8.4,0.05,50,0.68
1639173248,243,0.05,8,0.05,49.9,0.66
1639173248,0,0,0,0,0,0
1639173248,0,0,0,0,0,0
1639173248,0,0,0,0,0,0
1639173248,0,0,0,0,0,0
1639173248,0,0,0,0,0,0
1639173248,0,0,0,0,0,0
1639173376,0,0,0,0,0,0
1639173376,0,0,0,0,0,0
1639173376,0,0,0,0,0,0
1639173376,0,0,0,0,0,0
1639173376,0,0,0,0,0,0
1639173376,0,0,0,0,0,0
1639173376,0,0,0,0,0,0
1639173376,0,0,0,0,0,0
1639173376,243,0.05,8.8,0.05,49.9,0.7
1639173376,243,0.05,8,0.05,49.9,0.66
1639173376,242.9,0.05,7.6,0.05,49.9,0.64
1639173376,242.8,0.05,7.4,0.05,49.9,0.63
1639173376,242.6,0.05,7.3,0.05,49.9,0.63
1639173376,242.8,0.05,7.2,0.05,49.9,0.62
1639173504,242.8,0.05,7.1,0.05,49.9,0.62
1639173504,242.8,0.05,6.9,0.05,49.9,0.6
1639173504,242.7,0.05,6.8,0.05,49.9,0.6
1639173504,242.7,0.05,6.7,0.05,49.9,0.59
1639173504,242.6,0.05,6.7,0.05,49.9,0.6
1639173504,242.7,0.05,6.6,0.05,49.9,0.59
1639173504,242.8,0.05,6.5,0.05,49.9,0.58
1639173504,242.8,0.05,6.5,0.05,50,0.58
1639173504,242.8,0.05,6.4,0.05,49.9,0.57
1639173504,242.9,0.05,6.4,0.05,49.9,0.57
1639173504,243,0.05,6.3,0.05,50,0.58
1639173504,242.9,0.05,6.2,0.05,50,0.57
1639173504,242.8,0.07,12.9,0.05,49.9,0.81
1639173504,242.8,0.06,11.8,0.05,49.9,0.78
1639173504,243,0.06,11.5,0.05,49.9,0.78
1639173504,242.9,0.06,11.1,0.05,49.9,0.76
1639173504,242.9,0.06,10.9,0.05,49.9,0.76
1639173504,242.9,0.06,10.7,0.05,49.9,0.75
1639173504,242.9,0.06,10.5,0.05,49.9,0.75
1639173504,242.9,0.06,10.3,0.05,49.9,0.73
1639173504,242.8,0.06,10.1,0.05,49.9,0.73
1639173504,242.9,0.06,10,0.05,49.9,0.74
1639173632,243.1,0.06,9.8,0.05,49.9,0.72
1639173632,243.2,0.05,9.5,0.05,49.9,0.71
1639173632,243.1,0.05,9.4,0.05,49.9,0.72
1639173632,243.1,0.05,9.3,0.05,49.9,0.71
1639173632,243.1,0.05,9.2,0.05,49.9,0.7
1639173632,243,0.05,9.1,0.05,49.9,0.71
1639173632,243.1,0.05,9,0.05,50,0.7
1639173632,243.2,0.05,8.9,0.05,50,0.69
1639173632,243.2,0.05,8.9,0.05,50,0.69
1639174400,0,0,0,0,0,0
1639174400,0,0,0,0,0,0
1639174400,0,0,0,0,0,0
1639174400,0,0,0,0,0,0
1639174400,0,0,0,0,0,0
1639174400,0,0,0,0,0,0
1639174528,0,0,0,0,0,0
1639174528,0,0,0,0,0,0
1639174528,0,0,0,0,0,0
1639174528,0,0,0,0,0,0
1639174528,0,0,0,0,0,0
1639174528,0,0,0,0,0,0
1639174528,0,0,0,0,0,0
1639174528,0,0,0,0,0,0
1639174528,0,0,0,0,0,0
1639174528,0,0,0,0,0,0
1639174528,0,0,0,0,0,0
1639174528,0,0,0,0,0,0
1639174656,240.5,2.69,647.8,0.05,50,1
1639174656,240.4,2.69,647,0.06,50,1
1639174656,240.3,2.68,644.7,0.06,50,1
1639174656,240.5,2.68,645.5,0.06,50,1
1639174656,240.6,2.68,645.3,0.06,50,1
1639174656,240.5,2.68,644.7,0.06,50,1
1639174656,240.5,2.68,645,0.06,50,1
1639174656,240.6,2.68,645.6,0.06,50,1
1639174656,240.5,2.68,645.1,0.06,50,1
1639174656,240.6,2.68,645.3,0.06,50,1
1639174656,240.6,2.68,645.5,0.06,50,1
1639174656,240.2,2.67,642.2,0.08,50,1
1639174784,240.3,2.67,642.7,0.08,50,1
1639174784,240.3,2.67,642.6,0.08,50,1
1639174784,240.2,2.67,642.4,0.08,50,1
1639174784,240.3,2.68,642.9,0.08,50,1
1639174784,240.3,2.68,642.9,0.08,50,1
1639174784,240.2,2.67,642.4,0.09,50,1
1639174784,240.3,2.67,642.6,0.09,50,1
1639174784,240.2,2.67,642,0.09,49.9,1
1639174784,240.1,2.67,642,0.09,50,1
1639174784,240.2,2.67,642.2,0.09,49.9,1
1639174784,240.1,2.67,641.9,0.09,49.9,1
1639174784,240.2,2.67,642.3,0.09,50,1
1639174784,240.2,2.67,642.2,0.09,50,1
1639174784,240.1,2.67,641.7,0.09,49.9,1
1639174784,240.2,2.67,642.2,0.09,50,1
1639174784,240.1,2.67,641.8,0.1,50,1
1639174784,240.2,2.67,642.4,0.1,49.9,1
1639174784,240.3,2.68,642.8,0.1,50,1
1639174912,240.2,2.67,642.3,0.1,50,1
1639174912,240.1,2.67,642.1,0.1,50,1
1639174912,240,2.67,641.4,0.1,50,1
1639174912,240,2.67,641.4,0.1,49.9,1
1639174912,239.9,2.67,640.6,0.1,50,1
1639174912,239.9,2.67,640.8,0.11,49.9,1
1639174912,239.9,2.67,640.8,0.11,49.9,1
1639174912,239.9,2.67,640.8,0.11,49.9,1
1639174912,239.9,2.67,641.2,0.11,49.9,1
1639174912,240,2.67,641.3,0.11,50,1
1639174912,240,2.67,641.5,0.11,49.9,1
1639174912,240,2.68,642.4,0.11,50,1
1639174912,240.1,2.67,641.9,0.11,50,1
1639174912,240.2,2.68,642.7,0.11,49.9,1
1639174912,240.3,2.68,643,0.12,50,1
1639174912,240.3,2.68,643.3,0.12,50,1
1639174912,240.3,2.68,643.1,0.12,50,1
1639174912,240.3,2.68,643,0.12,50,1
1639174912,240.3,2.68,643.1,0.12,50,1
1639174912,240.3,2.68,643.3,0.12,50,1
1639174912,240.1,2.67,642.2,0.12,50,1
1639174912,240.2,2.67,642.3,0.12,50,1
1639174912,240.2,2.67,642.4,0.12,49.9,1
1639175040,240.1,2.67,642.3,0.12,49.9,1
1639175040,240.1,2.67,642.3,0.13,50,1
1639175040,240.2,2.67,642.4,0.13,50,1
1639175040,240.1,2.68,642.2,0.13,50,1
1639175040,240.1,2.68,642.7,0.13,50,1
1639175040,240.2,2.68,642.7,0.13,50,1
1639175040,240.1,2.67,642,0.13,50,1
1639175040,239.9,2.67,641,0.13,50,1
1639175040,240.1,2.67,642.3,0.14,50,1
1639175040,240.1,2.67,642.2,0.14,50,1
1639175040,240.1,2.67,642,0.14,49.9,1
1639175040,240.1,2.67,642,0.14,50,1
1639175040,240.1,2.67,641.9,0.14,49.9,1
1639175040,240.2,2.68,642.6,0.14,49.9,1
1639175040,240.2,2.68,642.7,0.14,50,1
1639175040,240.3,2.68,643.3,0.14,50,1
1639175040,240.2,2.68,642.8,0.14,49.9,1
1639175040,240.2,2.67,642.3,0.15,49.9,1
1639175168,240.3,2.68,642.9,0.15,49.9,1
1639175168,240.3,2.68,643,0.15,49.9,1
1639175168,240.3,2.68,643.2,0.15,50,1
1639175168,240.4,2.68,643.6,0.15,49.9,1
1639175168,240.3,2.68,643.1,0.15,50,1
1639175168,240.4,2.68,643.5,0.15,50,1
1639175168,240.4,2.68,643.5,0.15,50,1
1639175168,240.4,2.68,643.8,0.15,50,1
1639175168,240.5,2.68,644.2,0.15,50,1
1639175168,240.5,2.68,644.4,0.16,50,1
1639175168,240.5,2.68,644.2,0.16,50,1
1639175168,240.5,2.68,644.2,0.16,50,1
1639175168,240.6,2.68,644.7,0.16,50,1
1639175168,240.5,2.68,644.2,0.16,50,1
1639175168,240.5,2.68,644.6,0.17,50,1
1639175168,240.6,2.68,645.1,0.17,50,1
1639175296,240.6,2.68,645.1,0.17,50,1
1639175296,240.7,2.68,645.9,0.17,50,1
1639175296,240.7,2.68,646,0.17,50,1
1639175296,240.7,2.68,645.9,0.17,50,1
1639175296,240.7,2.68,645.9,0.17,50,1
1639175296,240.7,2.68,645.7,0.17,50,1
1639175296,240.7,2.69,646.8,0.17,50,1
1639175296,240.7,2.68,645.7,0.18,50,1
1639175296,240.9,2.68,646.7,0.18,50,1
1639175296,240.7,2.68,645.8,0.19,50,1
1639175296,240.8,2.68,646.1,0.19,50,1
1639175296,240.6,2.68,645.5,0.19,50,1
1639175296,240.7,2.68,645.7,0.19,50,1
1639175296,240.8,2.68,646.3,0.19,50,1
1639175424,240.9,2.69,647.3,0.19,50,1
1639175424,241,2.69,647.5,0.19,50,1
1639175424,240.9,2.69,647.1,0.19,50,1
1639175424,240.9,2.69,647.1,0.19,50,1
1639175424,240.7,2.68,645.9,0.2,50,1
1639175424,240.8,2.69,647,0.2,50,1
1639175424,240.7,2.69,646.5,0.2,50,1
1639175424,240.7,2.68,646.1,0.2,50,1
1639175424,240.7,2.68,646.2,0.2,50,1
1639175424,240.8,2.68,646.5,0.2,50,1
1639175424,240.8,2.69,646.7,0.2,50,1
1639175424,240.9,2.69,647.1,0.2,50,1
1639175424,240.7,2.68,646.4,0.21,50,1
1639175424,240.7,2.68,646.2,0.21,50,1
1639175424,240.7,2.68,646.3,0.21,50,1
1639175424,240.7,2.68,646.1,0.21,50,1
1639175424,240.5,2.68,645.3,0.21,50,1
1639175424,240.5,2.68,645.1,0.21,50,1
1639175424,240.5,2.68,645,0.21,50,1
1639175424,0,0,0,0,0,0
1639175552,0,0,0,0,0,0
1639175552,0,0,0,0,0,0
1639175552,0,0,0,0,0,0
1639175552,0,0,0,0,0,0
1639175552,0,0,0,0,0,0
1639175552,0,0,0,0,0,0